Fecha,Precio,Producto,Grupo,Anio,Mes,diesel,gas_regular,gas_especial,precipitacion_mm,lluvia_max_mm,ipc_transporte,area_ha,produccion_t,rendimiento_kg_ha,mes,trimestre,semana_anio,mes_sin,mes_cos,semana_sin,semana_cos,precio_lag1,precio_lag2,precio_lag4,precio_lag8,media_movil_4,desv_movil_4,media_movil_8,desv_movil_8,media_movil_12,desv_movil_12,es_cosecha
2021-05-09,38.61538461538461,ARROZ ORO PRIMERA CLASE IMPORTADO,ARROZ,2021,5,2.9323809523809525,3.461904761904762,3.65,37.323,69.4,111.72,2836.0,19145.98,6751.2,5,2,18,0.49999999999999994,-0.8660254037844387,0.8229838658936565,-0.5680647467311557,,,,,,,,,,,0
2021-05-16,38.89808802308803,ARROZ ORO PRIMERA CLASE IMPORTADO,ARROZ,2021,5,2.94,3.4666666666666663,3.6566666666666667,16.133,85.2,111.72,2836.0,19145.98,6751.2,5,2,19,0.49999999999999994,-0.8660254037844387,0.7485107481711013,-0.663122658240795,38.61538461538461,,,,38.61538461538461,,38.61538461538461,,38.61538461538461,,0
2021-05-23,38.927532467532465,ARROZ ORO PRIMERA CLASE IMPORTADO,ARROZ,2021,5,3.0314285714285716,3.5180952380952375,3.710952380952381,20.783,73.0,111.72,2836.0,19145.98,6751.2,5,2,20,0.49999999999999994,-0.8660254037844387,0.6631226582407952,-0.7485107481711012,38.89808802308803,38.61538461538461,,,38.756736319236325,0.19990149665162793,38.756736319236325,0.19990149665162793,38.756736319236325,0.19990149665162793,0
2021-05-30,38.72878787878788,ARROZ ORO PRIMERA CLASE IMPORTADO,ARROZ,2021,5,3.046666666666667,3.526666666666666,3.72,46.988,108.4,111.72,2836.0,19145.98,6751.2,5,2,21,0.49999999999999994,-0.8660254037844387,0.5680647467311558,-0.8229838658936564,38.927532467532465,38.89808802308803,,,38.81366836866837,0.17234871319327952,38.81366836866837,0.17234871319327952,38.81366836866837,0.17234871319327952,0
2021-06-06,38.940692640692646,ARROZ ORO PRIMERA CLASE IMPORTADO,ARROZ,2021,6,3.1066666666666665,3.5609523809523806,3.768571428571428,54.7,74.0,112.93,2836.0,19145.98,6751.2,6,2,22,1.2246467991473532e-16,-1.0,0.46472317204376906,-0.8854560256532096,38.72878787878788,38.927532467532465,38.61538461538461,,38.79244824619825,0.1469826305503742,38.79244824619825,0.1469826305503742,38.79244824619825,0.1469826305503742,0
2021-06-13,38.89968253968254,ARROZ ORO PRIMERA CLASE IMPORTADO,ARROZ,2021,6,3.1166666666666667,3.5666666666666664,3.776666666666666,87.374,116.2,112.93,2836.0,19145.98,6751.2,6,2,23,1.2246467991473532e-16,-1.0,0.35460488704253584,-0.9350162426854147,38.940692640692646,38.72878787878788,38.89808802308803,,38.873775252525256,0.09828567945903764,38.82209712509713,0.1435207314726095,38.82209712509713,0.1435207314726095,0
2021-06-20,38.83459595959596,ARROZ ORO PRIMERA CLASE IMPORTADO,ARROZ,2021,6,3.1595238095238094,3.5752380952380953,3.793809523809524,69.86,135.0,112.93,2836.0,19145.98,6751.2,6,2,24,1.2246467991473532e-16,-1.0,0.23931566428755768,-0.970941817426052,38.89968253968254,38.940692640692646,38.927532467532465,,38.87417388167388,0.09842029847342357,38.83502802752803,0.1322187948667329,38.83502802752803,0.1322187948667329,0
2021-06-27,38.753513153513154,ARROZ ORO PRIMERA CLASE IMPORTADO,ARROZ,2021,6,3.1666666666666665,3.5766666666666667,3.796666666666667,114.338,113.0,112.93,2836.0,19145.98,6751.2,6,2,25,1.2246467991473532e-16,-1.0,0.12053668025532308,-0.992708874098054,38.83459595959596,38.89968253968254,38.72878787878788,,38.850939754689755,0.09241147125603345,38.83496630353773,0.12069880460178349,38.83496630353773,0.12069880460178349,0
2021-07-04,38.78658008658008,ARROZ ORO PRIMERA CLASE IMPORTADO,ARROZ,2021,7,3.212380952380953,3.6538095238095236,3.848095238095238,46.013000000000005,107.2,113.5,2836.0,19145.98,6751.2,7,3,26,-0.4999999999999997,-0.8660254037844388,-3.216245299353273e-16,-1.0,38.753513153513154,38.83459595959596,38.940692640692646,38.61538461538461,38.857121073371076,0.08172650954459931,38.82478465978466,0.11539651968421623,38.82478465978466,0.11539651968421623,0
2021-07-11,38.770995670995674,ARROZ ORO PRIMERA CLASE IMPORTADO,ARROZ,2021,7,3.22,3.6666666666666665,3.856666666666667,26.548000000000002,104.4,113.5,2836.0,19145.98,6751.2,7,3,27,-0.4999999999999997,-0.8660254037844388,-0.12053668025532283,-0.992708874098054,38.78658008658008,38.753513153513154,38.89968253968254,38.89808802308803,38.81859293484293,0.06348706221512528,38.846184093684094,0.08208203382320813,38.82053970720637,0.10869217433814225,0
2021-07-18,38.76069264069264,ARROZ ORO PRIMERA CLASE IMPORTADO,ARROZ,2021,7,3.2257142857142855,3.7066666666666666,3.905238095238096,41.922,63.0,113.5,2836.0,19145.98,6751.2,7,3,28,-0.4999999999999997,-0.8660254037844388,-0.23931566428755743,-0.9709418174260521,38.770995670995674,38.78658008658008,38.83459595959596,38.927532467532465,38.78642121767122,0.034841159451228926,38.83029754967255,0.08289618697903188,38.81558530358531,0.10366669907312841,0
2021-07-25,38.73015873015873,ARROZ ORO PRIMERA CLASE IMPORTADO,ARROZ,2021,7,3.2266666666666666,3.7133333333333334,3.9133333333333336,22.721,112.8,113.5,2836.0,19145.98,6751.2,7,3,29,-0.4999999999999997,-0.8660254037844388,-0.3546048870425356,-0.9350162426854148,38.76069264069264,38.770995670995674,38.753513153513154,38.72878787878788,38.76794538794539,0.014346288176319203,38.809442571317575,0.07560538325034734,38.81059506150415,0.0997298035862907,0
2021-08-01,38.67099567099567,ARROZ ORO PRIMERA CLASE IMPORTADO,ARROZ,2021,8,3.212380952380953,3.741904761904762,3.9590476190476194,55.868,97.4,112.71,2836.0,19145.98,6751.2,8,3,30,-0.8660254037844385,-0.5000000000000004,-0.46472317204376806,-0.8854560256532101,38.73015873015873,38.76069264069264,38.78658008658008,38.940692640692646,38.762106782106784,0.02380919147961507,38.80961392773892,0.07539773677228478,38.80389203389203,0.09788266337530975,0
2021-08-08,38.62647907647907,ARROZ ORO PRIMERA CLASE IMPORTADO,ARROZ,2021,8,3.2100000000000004,3.7466666666666666,3.9666666666666663,92.913,82.8,112.71,2836.0,19145.98,6751.2,8,3,31,-0.8660254037844385,-0.5000000000000004,-0.5680647467311556,-0.8229838658936566,38.67099567099567,38.73015873015873,38.770995670995674,38.89968253968254,38.73321067821068,0.04495547964857454,38.775901806526804,0.06838448670427381,38.80852628852629,0.0890657848449184,0
2021-08-15,38.58196248196248,ARROZ ORO PRIMERA CLASE IMPORTADO,ARROZ,2021,8,3.224285714285714,3.7895238095238097,3.9952380952380957,45.388999999999996,110.2,112.71,2836.0,19145.98,6751.2,8,3,32,-0.8660254037844385,-0.5000000000000004,-0.663122658240795,-0.7485107481711013,38.62647907647907,38.67099567099567,38.76069264069264,38.83459595959596,38.697081529581524,0.060015700881976365,38.74175137362637,0.06591177216411609,38.785892209642206,0.09827240393358425,0
2021-08-22,38.664746364746364,ARROZ ORO PRIMERA CLASE IMPORTADO,ARROZ,2021,8,3.2266666666666666,3.796666666666667,4.0,109.962,147.8,112.71,2836.0,19145.98,6751.2,8,3,33,-0.8660254037844385,-0.5000000000000004,-0.7485107481711011,-0.6631226582407952,38.58196248196248,38.62647907647907,38.73015873015873,38.753513153513154,38.652398989898984,0.06331286682043212,38.710172188922186,0.07497137117532994,38.75709471084471,0.103487346198877,0
2021-08-29,38.91904761904762,ARROZ ORO PRIMERA CLASE IMPORTADO,ARROZ,2021,8,3.192380952380952,3.779523809523809,3.962857142857143,56.402,117.8,112.71,2836.0,19145.98,6751.2,8,3,34,-0.8660254037844385,-0.5000000000000004,-0.8229838658936564,-0.5680647467311559,38.664746364746364,38.58196248196248,38.67099567099567,38.78658008658008,38.636045898545895,0.04107612196972409,38.699076340326336,0.07420537996788237,38.75175791800792,0.10668181367069629,0
2021-09-05,38.86026262626263,ARROZ ORO PRIMERA CLASE IMPORTADO,ARROZ,2021,9,3.186666666666666,3.776666666666666,3.956666666666667,58.578,122.0,112.13,2836.0,19145.98,6751.2,9,3,35,-1.0,-1.8369701987210297e-16,-0.8854560256532096,-0.4647231720437691,38.91904761904762,38.664746364746364,38.62647907647907,38.770995670995674,38.698058885558886,0.15115972608222755,38.71563478188478,0.10493676386439804,38.74995416620416,0.10332718353935133,0
2021-09-12,39.21659451659452,ARROZ ORO PRIMERA CLASE IMPORTADO,ARROZ,2021,9,3.1809523809523808,3.759523809523809,3.905238095238095,137.219,197.8,112.13,2836.0,19145.98,6751.2,9,3,36,-1.0,-1.8369701987210297e-16,-0.9350162426854147,-0.3546048870425359,38.86026262626263,38.91904761904762,38.58196248196248,38.76069264069264,38.75650477300477,0.1592382761365215,38.72679315129315,0.11584372634578238,38.74666917341917,0.09865525459200425,0
2021-09-19,38.978896103896105,ARROZ ORO PRIMERA CLASE IMPORTADO,ARROZ,2021,9,3.1799999999999997,3.7566666666666664,3.896666666666666,34.107,84.6,112.13,2836.0,19145.98,6751.2,9,3,37,-1.0,-1.8369701987210297e-16,-0.970941817426052,-0.23931566428755774,39.21659451659452,38.86026262626263,38.664746364746364,38.73015873015873,38.91516278166278,0.2284721658537158,38.783780885780885,0.2093233211868768,38.77850238650239,0.16733198325305748,0
2021-09-26,39.032611832611835,ARROZ ORO PRIMERA CLASE IMPORTADO,ARROZ,2021,9,3.237142857142857,3.7652380952380957,3.890952380952381,81.89,758.0,112.13,2836.0,19145.98,6751.2,9,3,38,-1.0,-1.8369701987210297e-16,-0.992708874098054,-0.12053668025532357,38.978896103896105,39.21659451659452,38.91904761904762,38.67099567099567,38.99370021645022,0.15628993522652412,38.81487305749806,0.21849308494412378,38.797284299034295,0.1766609428869123,0
2021-10-03,39.002886002886,ARROZ ORO PRIMERA CLASE IMPORTADO,ARROZ,2021,10,3.2466666666666666,3.766666666666667,3.89,28.262,66.8,112.85,2836.0,19145.98,6751.2,10,4,39,-0.8660254037844386,0.5000000000000001,-1.0,-1.8369701987210297e-16,39.032611832611835,38.978896103896105,38.86026262626263,38.62647907647907,39.02209126984127,0.14832006773873646,38.86007507770008,0.22185525782666587,38.81778694453695,0.1891416358140963,0
2021-10-10,38.916450216450215,ARROZ ORO PRIMERA CLASE IMPORTADO,ARROZ,2021,10,3.318095238095238,3.7495238095238093,3.878571428571429,61.594,107.0,112.85,2836.0,19145.98,6751.2,10,4,40,-0.8660254037844386,0.5000000000000001,-0.992708874098054,0.1205366802553232,39.002886002886,39.032611832611835,39.21659451659452,38.58196248196248,39.05774711399712,0.10815344498832015,38.907125943500944,0.20447000644959884,38.83711113886114,0.19566002208596797,0
2021-10-17,38.87705627705627,ARROZ ORO PRIMERA CLASE IMPORTADO,ARROZ,2021,10,3.3300000000000005,3.7466666666666666,3.8766666666666674,41.412000000000006,129.4,112.85,2836.0,19145.98,6751.2,10,4,41,-0.8660254037844386,0.5000000000000001,-0.9709418174260521,0.23931566428755738,38.916450216450215,39.002886002886,38.978896103896105,38.664746364746364,38.98271103896104,0.04933615545651783,38.94893691031191,0.1572197254724896,38.850090936840935,0.19529569356437584,0
2021-10-24,38.933015873015876,ARROZ ORO PRIMERA CLASE IMPORTADO,ARROZ,2021,10,3.481428571428571,3.8352380952380956,3.970952380952381,58.775,101.6,112.85,2836.0,19145.98,6751.2,10,4,42,-0.8660254037844386,0.5000000000000001,-0.9350162426854148,0.35460488704253557,38.87705627705627,38.916450216450215,39.032611832611835,38.91904761904762,38.95725108225108,0.07270420920094216,38.97547564935065,0.1145141391356033,38.8623323990824,0.19166486892306478,0
2021-10-31,38.81333333333333,ARROZ ORO PRIMERA CLASE IMPORTADO,ARROZ,2021,10,3.5066666666666664,3.85,3.986666666666667,13.722999999999999,56.2,112.85,2836.0,19145.98,6751.2,10,4,43,-0.8660254037844386,0.5000000000000001,-0.8854560256532101,0.464723172043768,38.933015873015876,38.87705627705627,39.002886002886,38.86026262626263,38.93235209235209,0.05255463819170654,38.97722168109669,0.11363395960050988,38.88416741591742,0.18259613563131813,0
2021-11-07,38.87286324786325,ARROZ ORO PRIMERA CLASE IMPORTADO,ARROZ,2021,11,3.635238095238095,3.9871428571428575,4.126666666666666,6.887,51.0,114.65,2836.0,19145.98,6751.2,11,4,44,-0.5000000000000004,0.8660254037844384,-0.822983865893657,0.5680647467311548,38.81333333333333,38.933015873015876,38.916450216450215,39.21659451659452,38.88496392496392,0.053209801152021154,38.97135551948052,0.12147510775551747,38.8997386039886,0.16582013267942905,1
2021-11-14,38.774025974025975,ARROZ ORO PRIMERA CLASE IMPORTADO,ARROZ,2021,11,3.6566666666666667,4.010000000000001,4.1499999999999995,0.47300000000000003,14.0,114.65,2836.0,19145.98,6751.2,11,4,45,-0.5000000000000004,0.8660254037844384,-0.7485107481711011,0.6631226582407952,38.87286324786325,38.81333333333333,38.87705627705627,38.978896103896105,38.87406718281718,0.04890103166259778,38.92838911088911,0.07375933486142146,38.92398033448033,0.13319437726671723,1
2021-11-21,38.8270202020202,ARROZ ORO PRIMERA CLASE IMPORTADO,ARROZ,2021,11,3.6366666666666667,3.9899999999999998,4.138571428571429,5.734,28.8,114.65,2836.0,19145.98,6751.2,11,4,46,-0.5000000000000004,0.8660254037844384,-0.6631226582407955,0.7485107481711007,38.774025974025975,38.87286324786325,38.933015873015876,39.032611832611835,38.84830960705961,0.0695687444891983,38.90278034465534,0.08792336498328199,38.93308696858697,0.11655550890938067,1
2021-11-28,38.781818181818174,ARROZ ORO PRIMERA CLASE IMPORTADO,ARROZ,2021,11,3.6333333333333333,3.986666666666667,4.136666666666667,0.29,5.2,114.65,2836.0,19145.98,6751.2,11,4,47,-0.5000000000000004,0.8660254037844384,-0.5680647467311559,0.8229838658936564,38.8270202020202,38.774025974025975,38.81333333333333,39.002886002886,38.821810689310695,0.04077886436475077,38.877081390831385,0.0734005847542051,38.92541801716802,0.12052323618758688,1
2021-12-05,38.84848484848485,ARROZ ORO PRIMERA CLASE IMPORTADO,ARROZ,2021,12,3.5533333333333332,3.8952380952380956,4.05095238095238,0.014,0.6,113.44,2836.0,19145.98,6751.2,12,4,48,-2.4492935982947064e-16,1.0,-0.4647231720437684,0.88545602565321,38.781818181818174,38.8270202020202,38.87286324786325,38.916450216450215,38.8139319014319,0.04570915748532012,38.84944791319791,0.05958538505388001,38.918880980130986,0.12636428169894773,1
2021-12-12,38.75999999999999,ARROZ ORO PRIMERA CLASE IMPORTADO,ARROZ,2021,12,3.5399999999999996,3.8800000000000003,4.036666666666666,0.7849999999999999,14.4,113.44,2836.0,19145.98,6751.2,12,4,49,-2.4492935982947064e-16,1.0,-0.35460488704253595,0.9350162426854147,38.84848484848485,38.781818181818174,38.774025974025975,38.87705627705627,38.8078373015873,0.03577898453386266,38.84095224220224,0.05316703359806814,38.88820517445517,0.08564060925698895,1
2021-12-19,38.709090909090904,ARROZ ORO PRIMERA CLASE IMPORTADO,ARROZ,2021,12,3.382857142857143,3.7257142857142855,3.865238095238095,3.7199999999999998,34.4,113.44,2836.0,19145.98,6751.2,12,4,50,-2.4492935982947064e-16,1.0,-0.2393156642875578,0.970941817426052,38.75999999999999,38.84848484848485,38.8270202020202,38.933015873015876,38.804330808080806,0.040564462146379904,38.826320207570205,0.05772363580813281,38.86996383246383,0.08785122593208375,1
2021-12-26,39.803030303030305,ARROZ ORO PRIMERA CLASE IMPORTADO,ARROZ,2021,12,3.356666666666667,3.6999999999999997,3.8366666666666664,1.351,25.0,113.44,2836.0,19145.98,6751.2,12,4,51,-2.4492935982947064e-16,1.0,-0.12053668025532363,0.992708874098054,38.709090909090904,38.75999999999999,38.781818181818174,38.81333333333333,38.77484848484848,0.05777954366165577,38.79832958707958,0.05266480476943494,38.84300375550375,0.08290180028835446,1
2022-01-02,39.30090909090909,ARROZ ORO PRIMERA CLASE IMPORTADO,ARROZ,2022,1,3.3138095238095238,3.6371428571428575,3.7595238095238095,0.31,6.2,113.35,2108.0,14504.0,6880.5,1,1,52,0.49999999999999994,0.8660254037844387,6.432490598706546e-16,1.0,39.803030303030305,38.709090909090904,38.84848484848485,38.87286324786325,39.03015151515151,0.518461233662782,38.9220417082917,0.3597967633424012,38.90968244718244,0.2889378444078379,1
2022-01-09,38.79878787878788,ARROZ ORO PRIMERA CLASE IMPORTADO,ARROZ,2022,1,3.306666666666667,3.6266666666666674,3.7466666666666666,1.0110000000000001,38.0,113.35,2108.0,14504.0,6880.5,1,1,1,0.49999999999999994,0.8660254037844387,0.12053668025532305,0.992708874098054,39.30090909090909,39.803030303030305,38.75999999999999,38.774025974025975,39.14325757575757,0.5149566699255523,38.975547438672436,0.38254692402264695,38.941720686720686,0.3102830021696862,1
2022-01-16,38.54559884559884,ARROZ ORO PRIMERA CLASE IMPORTADO,ARROZ,2022,1,3.4266666666666667,3.7380952380952377,3.852380952380952,0.193,4.4,113.35,2108.0,14504.0,6880.5,1,1,2,0.49999999999999994,0.8660254037844387,0.23931566428755774,0.970941817426052,38.79878787878788,39.30090909090909,38.709090909090904,38.8270202020202,39.15295454545454,0.5056144755219609,38.97864267676768,0.380779546430875,38.93519832019832,0.31257999155350075,1
2022-01-23,38.753535353535355,ARROZ ORO PRIMERA CLASE IMPORTADO,ARROZ,2022,1,3.4466666666666668,3.7566666666666664,3.8699999999999997,0.027,1.2,113.35,2108.0,14504.0,6880.5,1,1,3,0.49999999999999994,0.8660254037844387,0.3546048870425356,0.9350162426854148,38.54559884559884,38.79878787878788,39.803030303030305,38.781818181818174,39.11208152958153,0.5574111583403772,38.943465007215,0.4087593211247015,38.902913567913565,0.3322162613127567,1
2022-01-30,38.763659147869674,ARROZ ORO PRIMERA CLASE IMPORTADO,ARROZ,2022,1,3.6295238095238096,3.8938095238095234,4.0128571428571425,0.05,1.6,113.35,2108.0,14504.0,6880.5,1,1,4,0.49999999999999994,0.8660254037844387,0.4647231720437685,0.8854560256532099,38.753535353535355,38.54559884559884,39.30090909090909,38.84848484848485,38.84970779220779,0.3203679337367322,38.93992965367965,0.4104758328771491,38.8979304029304,0.3341250904011392,1
2022-02-06,38.69329004329005,ARROZ ORO PRIMERA CLASE IMPORTADO,ARROZ,2022,2,3.66,3.9166666666666665,4.036666666666666,0.262,4.2,115.93,2108.0,14504.0,6880.5,2,1,5,0.8660254037844386,0.5000000000000001,0.5680647467311558,0.8229838658936564,38.763659147869674,38.753535353535355,38.79878787878788,38.75999999999999,38.71539530644794,0.11484659452065794,38.92932644110276,0.41425364547393356,38.888830061264265,0.33634964889671826,0
2022-02-13,38.85185185185185,ARROZ ORO PRIMERA CLASE IMPORTADO,ARROZ,2022,2,3.837142857142857,4.062380952380953,4.199523809523809,0.9410000000000001,17.9,115.93,2108.0,14504.0,6880.5,2,1,6,0.8660254037844386,0.5000000000000001,0.6631226582407952,0.7485107481711011,38.69329004329005,38.763659147869674,38.54559884559884,38.709090909090904,38.689020847573474,0.10053373237062908,38.92098769651401,0.41879555865847373,38.88210206703628,0.3396461633081164,0
2022-02-20,39.05923076923077,ARROZ ORO PRIMERA CLASE IMPORTADO,ARROZ,2022,2,3.8666666666666667,4.086666666666667,4.226666666666667,0.055999999999999994,2.0,115.93,2108.0,14504.0,6880.5,2,1,7,0.8660254037844386,0.5000000000000001,0.7485107481711011,0.6631226582407953,38.85185185185185,38.69329004329005,38.753535353535355,39.803030303030305,38.76558409913673,0.06536419350385844,38.93883281435913,0.41145386311644355,38.88417137118891,0.3393555869288547,0
2022-02-27,39.45634920634921,ARROZ ORO PRIMERA CLASE IMPORTADO,ARROZ,2022,2,3.983809523809524,4.215238095238095,4.358095238095238,0.02,0.8,115.93,2108.0,14504.0,6880.5,2,1,8,0.8660254037844386,0.5000000000000001,0.8229838658936564,0.5680647467311559,39.05923076923077,38.85185185185185,38.763659147869674,39.30090909090909,38.84200795306059,0.15868018797743805,38.84585787263419,0.2340828974395131,38.90728908680663,0.341193204443403,0
2022-03-06,39.52,ARROZ ORO PRIMERA CLASE IMPORTADO,ARROZ,2022,3,4.003333333333334,4.236666666666666,4.38,0.125,4.0,117.73,2108.0,14504.0,6880.5,3,1,9,1.0,6.123233995736766e-17,0.8854560256532099,0.4647231720437686,39.45634920634921,39.05923076923077,38.69329004329005,38.79878787878788,39.015180467680466,0.33008078158127646,38.865287887064206,0.27932865274680607,38.95794444996199,0.3751070534433669,0
2022-03-13,40.4602886002886,ARROZ ORO PRIMERA CLASE IMPORTADO,ARROZ,2022,3,4.220476190476191,4.416666666666666,4.574285714285714,789.672,74830.2,117.73,2108.0,14504.0,6880.5,3,1,10,1.0,6.123233995736766e-17,0.9350162426854148,0.35460488704253557,39.52,39.45634920634921,38.85185185185185,38.54559884559884,39.22185795685796,0.3200140329600616,38.95543940221572,0.35963847084232503,39.021277783295325,0.4018535938392845,0
2022-03-20,41.66319444444444,ARROZ ORO PRIMERA CLASE IMPORTADO,ARROZ,2022,3,4.206666666666667,4.306666666666667,4.466666666666667,515.003,42850.8,117.73,2108.0,14504.0,6880.5,3,1,11,1.0,6.123233995736766e-17,0.970941817426052,0.23931566428755804,40.4602886002886,39.52,39.05923076923077,38.753535353535355,39.62396714396715,0.5936513261979571,39.19477562155194,0.602817909959077,39.16721092422846,0.563599077941674,0
2022-03-27,41.567234848484844,ARROZ ORO PRIMERA CLASE IMPORTADO,ARROZ,2022,3,4.375238095238095,4.328095238095238,4.508333333333334,2.106,27.6,117.73,2108.0,14504.0,6880.5,3,1,12,1.0,6.123233995736766e-17,0.992708874098054,0.120536680255323,41.66319444444444,40.4602886002886,39.45634920634921,38.763659147869674,40.274958062770565,1.0330585326903614,39.55848300791558,1.02705265102894,39.32222460267965,0.9061105537540857,0
2022-04-03,41.47676767676768,ARROZ ORO PRIMERA CLASE IMPORTADO,ARROZ,2022,4,4.366666666666667,4.306666666666667,4.488333333333333,10.987,40.0,117.52,2108.0,14504.0,6880.5,4,2,13,0.8660254037844387,-0.4999999999999998,1.0,-1.6081226496766366e-16,41.567234848484844,41.66319444444444,39.52,38.69329004329005,40.80267947330447,1.0144832967959474,39.90892997049247,1.1834993171436419,39.51108508247763,1.1136752005142019,0
2022-04-10,42.28982128982129,ARROZ ORO PRIMERA CLASE IMPORTADO,ARROZ,2022,4,4.172380952380952,4.172380952380953,4.338333333333333,8.922999999999998,52.2,117.52,2108.0,14504.0,6880.5,4,2,14,0.8660254037844387,-0.4999999999999998,0.992708874098054,-0.12053668025532288,41.47676767676768,41.567234848484844,40.4602886002886,38.85185185185185,41.29187139249639,0.559589855172145,40.256864674677175,1.1842152681572458,39.734250065642605,1.2210988498897228,0
2022-04-17,43.33941822066822,ARROZ ORO PRIMERA CLASE IMPORTADO,ARROZ,2022,4,4.14,4.15,4.3133333333333335,13.674,93.4,117.52,2108.0,14504.0,6880.5,4,2,15,0.8660254037844387,-0.4999999999999998,0.9709418174260521,-0.2393156642875575,42.28982128982129,41.47676767676768,41.66319444444444,39.05923076923077,41.749254564879564,0.3683291145122508,40.68661085442336,1.2246257704796664,40.04626860266115,1.3602035998282227,0
2022-04-24,44.38901515151515,ARROZ ORO PRIMERA CLASE IMPORTADO,ARROZ,2022,4,4.14,4.15,4.3133333333333335,16.976,61.4,117.52,2108.0,14504.0,6880.5,4,2,16,0.8660254037844387,-0.4999999999999998,0.9350162426854148,-0.35460488704253545,43.33941822066822,42.28982128982129,41.567234848484844,39.45634920634921,42.168310508935505,0.8613519568406008,41.221634285853035,1.3414799049318562,40.42842550825555,1.5889630841327989,0
2022-05-01,44.0984126984127,ARROZ ORO PRIMERA CLASE IMPORTADO,ARROZ,2022,5,4.14,4.15,4.3133333333333335,49.51,109.6,117.52,2108.0,14504.0,6880.5,5,2,17,0.49999999999999994,-0.8660254037844387,0.8854560256532099,-0.4647231720437685,44.38901515151515,43.33941822066822,41.47676767676768,39.52,42.873755584693086,1.2656233933000938,41.838217528998776,1.5339793869806533,40.897205175226006,1.8598780821174163,0
2022-05-08,44.47050865800866,ARROZ ORO PRIMERA CLASE IMPORTADO,ARROZ,2022,5,4.14,4.15,4.3133333333333335,80.684,105.8,117.52,2108.0,14504.0,6880.5,5,2,18,0.49999999999999994,-0.8660254037844387,0.8229838658936565,-0.5680647467311557,44.0984126984127,44.38901515151515,42.28982128982129,40.4602886002886,43.52916684010434,0.9372587507229722,42.410519116300364,1.3931345004922486,41.3476320631529,1.9307673087300834,0
2022-05-15,44.4,ARROZ ORO PRIMERA CLASE IMPORTADO,ARROZ,2022,5,4.14,4.15,4.3133333333333335,8.085,49.6,117.52,2108.0,14504.0,6880.5,5,2,19,0.49999999999999994,-0.8660254037844387,0.7485107481711013,-0.663122658240795,44.47050865800866,44.0984126984127,43.33941822066822,41.66319444444444,44.07433868215118,0.5153185335648252,42.91179662351537,1.3101630698765927,41.81585346366597,1.9516694580855574,0
2022-05-22,44.35396825396826,ARROZ ORO PRIMERA CLASE IMPORTADO,ARROZ,2022,5,4.14,4.15,4.3133333333333335,46.905,147.6,117.52,2108.0,14504.0,6880.5,5,2,20,0.49999999999999994,-0.8660254037844387,0.6631226582407952,-0.7485107481711012,44.4,44.47050865800866,44.38901515151515,41.567234848484844,44.339484126984125,0.16472032325549518,43.25389731795982,1.29477905973865,42.26091756623007,1.8732812822556066,0
2022-05-29,44.49550505050505,ARROZ ORO PRIMERA CLASE IMPORTADO,ARROZ,2022,5,4.14,4.15,4.3133333333333335,70.585,159.4,117.52,2108.0,14504.0,6880.5,5,2,21,0.49999999999999994,-0.8660254037844387,0.5680647467311558,-0.8229838658936564,44.35396825396826,44.4,44.0984126984127,41.47676767676768,44.3307224025974,0.1621190416192894,43.602238993645244,1.1420382836292844,42.669052486864985,1.7351284605793629,0
2022-06-05,44.614444444444445,ARROZ ORO PRIMERA CLASE IMPORTADO,ARROZ,2022,6,4.14,4.15,4.3133333333333335,39.553,61.8,117.61,2108.0,14504.0,6880.5,6,2,22,1.2246467991473532e-16,-1.0,0.46472317204376906,-0.8854560256532096,44.49550505050505,44.35396825396826,44.47050865800866,42.28982128982129,44.4299954906205,0.06484003222587326,43.97958116536242,0.7811126772517115,43.083677907740416,1.4916069750562457,0
2022-06-12,44.60155122655123,ARROZ ORO PRIMERA CLASE IMPORTADO,ARROZ,2022,6,4.14,4.15,4.3133333333333335,83.364,232.2,117.61,2108.0,14504.0,6880.5,6,2,23,1.2246467991473532e-16,-1.0,0.35460488704253584,-0.9350162426854147,44.614444444444445,44.49550505050505,44.4,43.33941822066822,44.46597943722944,0.1152004217553828,44.270159059690315,0.40412832946005645,43.42985756142006,1.2967370080454026,0
2022-06-19,44.85909090909091,ARROZ ORO PRIMERA CLASE IMPORTADO,ARROZ,2022,6,4.14,4.15,4.3133333333333335,105.101,174.0,117.61,2108.0,14504.0,6880.5,6,2,24,1.2246467991473532e-16,-1.0,0.23931566428755768,-0.970941817426052,44.60155122655123,44.614444444444445,44.35396825396826,44.38901515151515,44.51636724386725,0.12067050345128925,44.42792568542569,0.1637322465713527,43.67472062659562,1.2071404217541362,0
2022-06-26,45.425820707070706,ARROZ ORO PRIMERA CLASE IMPORTADO,ARROZ,2022,6,4.14,4.15,4.3133333333333335,86.691,109.4,117.61,2108.0,14504.0,6880.5,6,2,25,1.2246467991473532e-16,-1.0,0.12053668025532308,-0.992708874098054,44.85909090909091,44.60155122655123,44.49550505050505,44.0984126984127,44.642647907647905,0.15382128787884705,44.48668515512266,0.22181902475012202,43.94904196497947,1.048257353765872,0
2022-07-03,45.763136863136864,ARROZ ORO PRIMERA CLASE IMPORTADO,ARROZ,2022,7,4.14,4.15,4.3133333333333335,54.334,101.6,117.67,2108.0,14504.0,6880.5,7,3,26,-0.4999999999999997,-0.8660254037844388,-3.216245299353273e-16,-1.0,45.425820707070706,44.85909090909091,44.614444444444445,44.47050865800866,44.87522682178932,0.38571136615732277,44.652611156204905,0.34957000929708365,44.27812971750472,0.7895009118286164,0
2022-07-10,45.576442307692304,ARROZ ORO PRIMERA CLASE IMPORTADO,ARROZ,2022,7,4.14,4.15,4.3133333333333335,39.684,87.6,117.67,2108.0,14504.0,6880.5,7,3,27,-0.4999999999999997,-0.8660254037844388,-0.12053668025532283,-0.992708874098054,45.763136863136864,45.425820707070706,44.60155122655123,44.4,45.16239992646243,0.528148652985301,44.81418968184594,0.5136201217298619,44.56757268194769,0.610735596008874,0
2022-07-17,45.66904761904762,ARROZ ORO PRIMERA CLASE IMPORTADO,ARROZ,2022,7,4.14,4.15,4.3133333333333335,53.93300000000001,1188.8,117.67,2108.0,14504.0,6880.5,7,3,28,-0.4999999999999997,-0.8660254037844388,-0.23931566428755743,-0.9709418174260521,45.576442307692304,45.763136863136864,44.85909090909091,44.35396825396826,45.406122696747694,0.3899143808542381,44.96124497030747,0.5455159178333113,44.75399135586636,0.5389728554235579,0
2022-07-24,45.75,ARROZ ORO PRIMERA CLASE IMPORTADO,ARROZ,2022,7,4.14,4.15,4.3133333333333335,48.858000000000004,73.2,117.67,2108.0,14504.0,6880.5,7,3,29,-0.4999999999999997,-0.8660254037844388,-0.3546048870425356,-0.9350162426854148,45.66904761904762,45.576442307692304,45.425820707070706,44.49550505050505,45.60861187423687,0.14373348397787578,45.125629890942385,0.534406704214436,44.86066072816073,0.5848845420589154,0
2022-07-31,45.93904761904762,ARROZ ORO PRIMERA CLASE IMPORTADO,ARROZ,2022,7,4.14,4.15,4.3133333333333335,66.57,78.8,117.67,2108.0,14504.0,6880.5,7,3,30,-0.4999999999999997,-0.8660254037844388,-0.46472317204376806,-0.8854560256532101,45.75,45.66904761904762,45.763136863136864,44.614444444444445,45.689656697469196,0.08618368188747172,45.28244175962926,0.5064152305068728,44.99829300329301,0.583529991954755,0
2022-08-07,46.05221611721612,ARROZ ORO PRIMERA CLASE IMPORTADO,ARROZ,2022,8,4.14,4.15,4.3133333333333335,80.179,98.4,117.86,2108.0,14504.0,6880.5,8,3,31,-0.8660254037844385,-0.5000000000000004,-0.5680647467311556,-0.8229838658936566,45.93904761904762,45.75,45.576442307692304,44.60155122655123,45.73363438644688,0.15421114267884894,45.448017156454654,0.4721960617435255,45.12067125004626,0.6158752438022593,0
2022-08-14,46.16538461538462,ARROZ ORO PRIMERA CLASE IMPORTADO,ARROZ,2022,8,4.14,4.15,4.3133333333333335,103.039,88.6,117.86,2108.0,14504.0,6880.5,8,3,32,-0.8660254037844385,-0.5000000000000004,-0.663122658240795,-0.7485107481711013,46.05221611721612,45.93904761904762,45.66904761904762,44.85909090909091,45.85257783882784,0.17467877153836855,45.629350267787764,0.36767261847905675,45.25835592648093,0.6247362660007073,0
2022-08-21,46.298874458874465,ARROZ ORO PRIMERA CLASE IMPORTADO,ARROZ,2022,8,4.14,4.15,4.3133333333333335,55.839,63.2,117.86,2108.0,14504.0,6880.5,8,3,33,-0.8660254037844385,-0.5000000000000004,-0.7485107481711011,-0.6631226582407952,46.16538461538462,46.05221611721612,45.75,45.425820707070706,45.97666208791209,0.17712063128697758,45.79263698107448,0.2469861236444696,45.40930728993229,0.6048739638356709,0
2022-08-28,46.12540404040404,ARROZ ORO PRIMERA CLASE IMPORTADO,ARROZ,2022,8,4.14,4.15,4.3133333333333335,91.795,978.8,117.86,2108.0,14504.0,6880.5,8,3,34,-0.8660254037844385,-0.5000000000000004,-0.8229838658936564,-0.5680647467311559,46.298874458874465,46.16538461538462,45.93904761904762,45.763136863136864,46.11388070263071,0.1541043705694367,45.90176870004995,0.25451897635495957,45.55958807396308,0.5807425560184786,0
2022-09-04,46.20757575757576,ARROZ ORO PRIMERA CLASE IMPORTADO,ARROZ,2022,9,4.14,4.15,4.3133333333333335,84.33800000000001,284.6,117.97,2108.0,14504.0,6880.5,9,3,35,-1.0,-1.8369701987210297e-16,-0.8854560256532096,-0.4647231720437691,46.12540404040404,46.298874458874465,46.05221611721612,45.576442307692304,46.160469807969804,0.10348666957451216,45.94705209720834,0.25852567047371966,45.68550137362637,0.5175538969873077,0
2022-09-11,46.02993506493507,ARROZ ORO PRIMERA CLASE IMPORTADO,ARROZ,2022,9,4.14,4.15,4.3133333333333335,83.703,88.4,117.97,2108.0,14504.0,6880.5,9,3,36,-1.0,-1.8369701987210297e-16,-0.9350162426854147,-0.3546048870425359,46.20757575757576,46.12540404040404,46.16538461538462,45.66904761904762,46.199309718059716,0.0743738905848436,46.02594377844378,0.2231522345965752,45.81933675121175,0.40778261150062906,0
2022-09-18,46.33658008658009,ARROZ ORO PRIMERA CLASE IMPORTADO,ARROZ,2022,9,4.14,4.15,4.3133333333333335,89.37,136.2,117.97,2108.0,14504.0,6880.5,9,3,37,-1.0,-1.8369701987210297e-16,-0.970941817426052,-0.23931566428755774,46.02993506493507,46.20757575757576,46.298874458874465,45.75,46.165447330447336,0.11481092014339585,46.07105470917971,0.17110545279753944,45.916907097532096,0.27587763152343925,0
2022-09-25,46.24142857142857,ARROZ ORO PRIMERA CLASE IMPORTADO,ARROZ,2022,9,4.14,4.130000000000001,4.276190476190476,101.237,128.4,117.97,2108.0,14504.0,6880.5,9,3,38,-1.0,-1.8369701987210297e-16,-0.992708874098054,-0.12053668025532357,46.33658008658009,46.02993506493507,46.12540404040404,45.93904761904762,46.17487373737374,0.1299651686461084,46.14437722000223,0.13593990628740033,45.99280371249122,0.2528077178442519,0
2022-10-02,46.05984848484849,ARROZ ORO PRIMERA CLASE IMPORTADO,ARROZ,2022,10,4.14,4.140000000000001,4.294761904761905,59.042,101.4,120.26,2108.0,14504.0,6880.5,10,4,39,-0.8660254037844386,0.5000000000000001,-1.0,-1.8369701987210297e-16,46.24142857142857,46.33658008658009,46.20757575757576,46.05221611721612,46.20387987012987,0.12817918090386493,46.18217483904984,0.11031581067239829,46.03266135484885,0.25100399184716476,0
2022-10-09,45.94909387997623,ARROZ ORO PRIMERA CLASE IMPORTADO,ARROZ,2022,10,4.14,4.15,4.3133333333333335,83.771,269.2,120.26,2108.0,14504.0,6880.5,10,4,40,-0.8660254037844386,0.5000000000000001,-0.992708874098054,0.1205366802553232,46.05984848484849,46.24142857142857,46.02993506493507,46.16538461538462,46.166948051948054,0.14670293207336166,46.18312888500389,0.10905714918089,46.0729452029452,0.20586025780856143,0
2022-10-16,45.983333333333334,ARROZ ORO PRIMERA CLASE IMPORTADO,ARROZ,2022,10,4.14,4.15,4.3133333333333335,110.181,128.2,120.26,2108.0,14504.0,6880.5,10,4,41,-0.8660254037844386,0.5000000000000001,-0.9709418174260521,0.23931566428755738,45.94909387997623,46.05984848484849,46.33658008658009,46.298874458874465,46.146737755708344,0.17475631431194535,46.15609254307784,0.13725057726043802,46.09628239135592,0.16837007474416382,0
2022-10-23,45.824494949494955,ARROZ ORO PRIMERA CLASE IMPORTADO,ARROZ,2022,10,4.14,4.15,4.3133333333333335,43.091,128.4,120.26,2108.0,14504.0,6880.5,10,4,42,-0.8660254037844386,0.5000000000000001,-0.9350162426854148,0.35460488704253557,45.983333333333334,45.94909387997623,46.24142857142857,46.12540404040404,46.05842606739666,0.13049187160732148,46.1166499023852,0.13568731941108833,46.115726835800366,0.13488792009761622,0
2022-10-30,45.96237373737374,ARROZ ORO PRIMERA CLASE IMPORTADO,ARROZ,2022,10,4.14,4.15,4.3133333333333335,22.781000000000002,1456.4,120.26,2108.0,14504.0,6880.5,10,4,43,-0.8660254037844386,0.5000000000000001,-0.8854560256532101,0.464723172043768,45.824494949494955,45.983333333333334,46.05984848484849,46.20757575757576,45.954192661913254,0.09808130272529217,46.07903626602157,0.17022545427614064,46.10618078000431,0.15155233139515842,0
2022-11-06,46.068126114082,ARROZ ORO PRIMERA CLASE IMPORTADO,ARROZ,2022,11,4.14,4.15,4.3133333333333335,36.47,82.2,122.51,2108.0,14504.0,6880.5,11,4,44,-0.5000000000000004,0.8660254037844384,-0.822983865893657,0.5680647467311548,45.96237373737374,45.824494949494955,45.94909387997623,46.02993506493507,45.92982397504457,0.071619995600914,46.04838601349631,0.16579211503188213,46.09869391501744,0.1565958444754358,1
2022-11-13,45.864898989899,ARROZ ORO PRIMERA CLASE IMPORTADO,ARROZ,2022,11,4.14,4.15,4.3133333333333335,15.716,92.4,122.51,2108.0,14504.0,6880.5,11,4,45,-0.5000000000000004,0.8660254037844384,-0.7485107481711011,0.6631226582407952,46.068126114082,45.96237373737374,45.983333333333334,46.33658008658009,45.95958203357101,0.10099877152194345,46.05315989463968,0.16573476761990674,46.0905890399089,0.15534223698571725,1
2022-11-20,45.818846358320044,ARROZ ORO PRIMERA CLASE IMPORTADO,ARROZ,2022,11,4.14,4.15,4.3133333333333335,4.054,27.0,122.51,2108.0,14504.0,6880.5,11,4,46,-0.5000000000000004,0.8660254037844384,-0.6631226582407955,0.7485107481711007,45.864898989899,46.068126114082,45.824494949494955,46.24142857142857,45.92997344771242,0.10877551292952123,45.99419975755454,0.13070188178752334,46.05442441749427,0.15294144466432802,1
2022-11-27,46.16287878787879,ARROZ ORO PRIMERA CLASE IMPORTADO,ARROZ,2022,11,4.14,4.15,4.3133333333333335,36.101,1402.8,122.51,2108.0,14504.0,6880.5,11,4,47,-0.5000000000000004,0.8660254037844384,-0.5680647467311559,0.8229838658936564,45.818846358320044,45.864898989899,45.96237373737374,46.05984848484849,45.9285612999187,0.11062229492630181,45.941376980915976,0.09775014481439263,46.028877943987276,0.1651251282700786,1
2022-12-04,46.010858585858585,ARROZ ORO PRIMERA CLASE IMPORTADO,ARROZ,2022,12,4.14,4.15,4.3133333333333335,12.138,82.0,119.27,2108.0,14504.0,6880.5,12,4,48,-2.4492935982947064e-16,1.0,-0.4647231720437684,0.88545602565321,46.16287878787879,45.818846358320044,46.068126114082,45.94909387997623,45.978687562544955,0.16373017622708114,45.95425576879476,0.11987272029984504,46.02515319651253,0.16118487987560282,1
2022-12-11,45.889898989898995,ARROZ ORO PRIMERA CLASE IMPORTADO,ARROZ,2022,12,4.14,4.15,4.3133333333333335,0.131,8.4,119.27,2108.0,14504.0,6880.5,12,4,49,-2.4492935982947064e-16,1.0,-0.35460488704253595,0.9350162426854147,46.010858585858585,46.16287878787879,45.864898989899,45.983333333333334,45.964370680489104,0.15560477672065096,45.96197635703006,0.12147113557572385,46.02356348992282,0.16122749712730314,1
2022-12-18,45.892676767676775,ARROZ ORO PRIMERA CLASE IMPORTADO,ARROZ,2022,12,4.14,4.001428571428571,4.101904761904762,1.255,18.6,119.27,2108.0,14504.0,6880.5,12,4,50,-2.4492935982947064e-16,1.0,-0.2393156642875578,0.970941817426052,45.889898989898995,46.010858585858585,45.818846358320044,45.824494949494955,45.970620680489105,0.1507024718723901,45.950297064100766,0.12359752470677184,45.98634006519939,0.131147790587339,1
2022-12-25,45.82070707070707,ARROZ ORO PRIMERA CLASE IMPORTADO,ARROZ,2022,12,4.14,3.9766666666666666,4.066666666666666,5.291,396.0,119.27,2108.0,14504.0,6880.5,12,4,51,-2.4492935982947064e-16,1.0,-0.12053668025532363,0.992708874098054,45.892676767676775,45.889898989898995,46.16287878787879,45.96237373737374,45.98907828282828,0.12885493319170596,45.958819791373486,0.11578753219019242,45.95727741488674,0.1056427032758007,1
2023-01-01,45.808554292929294,ARROZ ORO PRIMERA CLASE IMPORTADO,ARROZ,2023,1,3.9359523809523806,3.7888095238095234,3.85952380952381,0.748,7.2,119.1,1589.0,11000.0,6921.4,1,1,52,0.49999999999999994,0.8660254037844387,6.432490598706546e-16,1.0,45.82070707070707,45.892676767676775,46.010858585858585,46.068126114082,45.903535353535354,0.07891484847779183,45.94111145804016,0.1255849631564273,45.937348963708295,0.10708072775817329,1
2023-01-08,45.796401515151516,ARROZ ORO PRIMERA CLASE IMPORTADO,ARROZ,2023,1,4.011666666666667,3.7816666666666663,3.8483333333333336,0.407,12.6,119.1,1589.0,11000.0,6921.4,1,1,1,0.49999999999999994,0.8660254037844387,0.12053668025532305,0.992708874098054,45.808554292929294,45.82070707070707,45.889898989898995,45.864898989899,45.85295928030303,0.04454970584999013,45.90866498039607,0.12154809082224609,45.92563733145439,0.11319062000639382,1
2023-01-15,45.87878787878788,ARROZ ORO PRIMERA CLASE IMPORTADO,ARROZ,2023,1,4.468095238095238,3.9652380952380955,4.078571428571428,1.184,14.0,119.1,1589.0,11000.0,6921.4,1,1,2,0.49999999999999994,0.8660254037844387,0.23931566428755774,0.970941817426052,45.796401515151516,45.808554292929294,45.892676767676775,45.818846358320044,45.829584911616166,0.04321582689179251,45.900102796052636,0.1273458195939616,45.91005967993923,0.11731635160527053,1
2023-01-22,45.86212121212121,ARROZ ORO PRIMERA CLASE IMPORTADO,ARROZ,2023,1,4.493333333333333,3.98,4.1066666666666665,0.037000000000000005,1.2,119.1,1589.0,11000.0,6921.4,1,1,3,0.49999999999999994,0.8660254037844387,0.3546048870425356,0.9350162426854148,45.87878787878788,45.796401515151516,45.82070707070707,46.16287878787879,45.826112689393945,0.03649176825217274,45.90759548611112,0.12358993149404633,45.91458409071364,0.11473501044131805,1
2023-01-29,45.83712121212121,ARROZ ORO PRIMERA CLASE IMPORTADO,ARROZ,2023,1,4.633333333333333,4.177142857142857,4.349523809523809,0.025,0.8,119.1,1589.0,11000.0,6921.4,1,1,4,0.49999999999999994,0.8660254037844387,0.4647231720437685,0.8854560256532099,45.86212121212121,45.87878787878788,45.808554292929294,46.010858585858585,45.836466224747475,0.040139580087723004,45.870000789141415,0.06815188256330808,45.906229713609264,0.11458871304537678,1
2023-02-05,45.75378787878788,ARROZ ORO PRIMERA CLASE IMPORTADO,ARROZ,2023,2,4.656666666666666,4.21,4.39,0.008,0.4,120.58,1589.0,11000.0,6921.4,2,1,5,0.8660254037844386,0.5000000000000001,0.5680647467311558,0.8229838658936564,45.83712121212121,45.86212121212121,45.796401515151516,45.889898989898995,45.843607954545455,0.03582779889724466,45.848283617424244,0.037758285728938586,45.88697930511253,0.10381579249971208,0
2023-02-12,45.75378787878788,ARROZ ORO PRIMERA CLASE IMPORTADO,ARROZ,2023,2,4.6223809523809525,4.301428571428572,4.51,0.137,4.8,120.58,1589.0,11000.0,6921.4,2,1,6,0.8660254037844386,0.5000000000000001,0.6631226582407952,0.7485107481711011,45.75378787878788,45.83712121212121,45.87878787878788,45.892676767676775,45.83295454545454,0.05548606764847401,45.831269728535354,0.046077021018447316,45.877720045853266,0.11069142844284366,0
2023-02-19,45.89545454545454,ARROZ ORO PRIMERA CLASE IMPORTADO,ARROZ,2023,2,4.616666666666667,4.316666666666666,4.53,0.012,0.4,120.58,1589.0,11000.0,6921.4,2,1,7,0.8660254037844386,0.5000000000000001,0.7485107481711011,0.6631226582407953,45.75378787878788,45.75378787878788,45.86212121212121,45.82070707070707,45.80170454545454,0.056262858607129485,45.81390861742425,0.04579923613462861,45.87229850589225,0.11533306292531133,0
2023-02-26,45.912121212121214,ARROZ ORO PRIMERA CLASE IMPORTADO,ARROZ,2023,2,4.3966666666666665,4.302380952380952,4.512857142857143,0.047,1.2,120.58,1589.0,11000.0,6921.4,2,1,8,0.8660254037844386,0.5000000000000001,0.8229838658936564,0.5680647467311559,45.89545454545454,45.75378787878788,45.83712121212121,45.808554292929294,45.81003787878788,0.06918005224785631,45.823252051767675,0.054232451410907344,45.8500131523569,0.07164212038356553,0
2023-03-05,46.0,ARROZ ORO PRIMERA CLASE IMPORTADO,ARROZ,2023,3,4.359999999999999,4.3,4.510000000000001,1.17,95.0,119.52,1589.0,11000.0,6921.4,3,1,9,1.0,6.123233995736766e-17,0.8854560256532099,0.4647231720437686,45.912121212121214,45.89545454545454,45.75378787878788,45.796401515151516,45.82878787878788,0.08686942094709345,45.83619791666667,0.06202424837509396,45.841785037878786,0.05529447016454848,0
2023-03-12,45.90984848484849,ARROZ ORO PRIMERA CLASE IMPORTADO,ARROZ,2023,3,4.185714285714285,4.217142857142858,4.432857142857143,3.166,20.0,119.52,1589.0,11000.0,6921.4,3,1,10,1.0,6.123233995736766e-17,0.9350162426854148,0.35460488704253557,46.0,45.912121212121214,45.75378787878788,45.87878787878788,45.89034090909091,0.10193523626804271,45.861647727272725,0.08193627990891529,45.85096012205387,0.07092832397640744,0
2023-03-19,46.04166666666667,ARROZ ORO PRIMERA CLASE IMPORTADO,ARROZ,2023,3,4.156666666666666,4.203333333333334,4.420000000000001,12.282,64.2,119.52,1589.0,11000.0,6921.4,3,1,11,1.0,6.123233995736766e-17,0.970941817426052,0.23931566428755804,45.90984848484849,46.0,45.89545454545454,45.86212121212121,45.92935606060607,0.04767062133384555,45.8655303030303,0.0835838422851091,45.85239109848485,0.07201141764973722,0
2023-03-26,45.9959595959596,ARROZ ORO PRIMERA CLASE IMPORTADO,ARROZ,2023,3,4.133809523809524,4.234761904761904,4.451428571428572,0.288,4.8,119.52,1589.0,11000.0,6921.4,3,1,12,1.0,6.123233995736766e-17,0.992708874098054,0.120536680255323,46.04166666666667,45.90984848484849,45.912121212121214,45.83712121212121,45.96590909090909,0.0656691907007178,45.88797348484849,0.10411987339547173,45.87080439814815,0.08933840405579116,0
2023-04-02,46.0,ARROZ ORO PRIMERA CLASE IMPORTADO,ARROZ,2023,4,4.13,4.239999999999999,4.456666666666667,0.47700000000000004,13.6,118.79,1589.0,11000.0,6921.4,4,2,13,0.8660254037844387,-0.4999999999999998,1.0,-1.6081226496766366e-16,45.9959595959596,46.04166666666667,46.0,45.75378787878788,45.98686868686869,0.05534740620238605,45.907828282828284,0.10810575429381962,45.886421506734,0.09373893816147459,0
2023-04-09,45.953125,ARROZ ORO PRIMERA CLASE IMPORTADO,ARROZ,2023,4,4.032857142857143,4.282857142857143,4.473809523809524,2.64,41.0,118.79,1589.0,11000.0,6921.4,4,2,14,0.8660254037844387,-0.4999999999999998,0.992708874098054,-0.12053668025532288,46.0,45.9959595959596,45.90984848484849,45.75378787878788,45.98686868686869,0.05534740620238605,45.9386047979798,0.09180538971925886,45.903388047138044,0.09438749297574281,0
2023-04-16,45.90625,ARROZ ORO PRIMERA CLASE IMPORTADO,ARROZ,2023,4,4.016666666666667,4.29,4.476666666666667,6.841,77.6,118.79,1589.0,11000.0,6921.4,4,2,15,0.8660254037844387,-0.4999999999999998,0.9709418174260521,-0.2393156642875575,45.953125,46.0,46.04166666666667,45.89545454545454,45.99768781565656,0.03618617053213089,45.963521938131315,0.053564698837697294,45.909582807239055,0.09506317645617848,0
2023-04-23,45.75378787878788,ARROZ ORO PRIMERA CLASE IMPORTADO,ARROZ,2023,4,3.9852380952380955,4.39,4.656666666666666,22.759,114.0,118.79,1589.0,11000.0,6921.4,4,2,16,0.8660254037844387,-0.4999999999999998,0.9350162426854148,-0.35460488704253545,45.90625,45.953125,45.9959595959596,45.912121212121214,45.9638336489899,0.04385823072293181,45.9648713699495,0.05170876680666218,45.913260206228955,0.0939067758859867,0
2023-04-30,45.75473484848485,ARROZ ORO PRIMERA CLASE IMPORTADO,ARROZ,2023,4,3.98,4.406666666666666,4.6866666666666665,10.62,62.0,118.79,1589.0,11000.0,6921.4,4,2,17,0.8660254037844387,-0.4999999999999998,0.8854560256532099,-0.4647231720437685,45.75378787878788,45.90625,46.0,46.0,45.90329071969697,0.10676453401141178,45.94507970328283,0.09051957679906181,45.906315761784505,0.1027171231287657,0
2023-05-07,45.735151515151514,ARROZ ORO PRIMERA CLASE IMPORTADO,ARROZ,2023,5,3.8685714285714288,4.360952380952381,4.720952380952381,10.253,53.6,117.81,1589.0,11000.0,6921.4,5,2,18,0.49999999999999994,-0.8660254037844387,0.8229838658936565,-0.5680647467311557,45.75473484848485,45.75378787878788,45.953125,45.90984848484849,45.84197443181819,0.10307507054884246,45.91442155934344,0.10892468362868166,45.906394675925924,0.10258957269287608,0
2023-05-14,45.76041666666667,ARROZ ORO PRIMERA CLASE IMPORTADO,ARROZ,2023,5,3.85,4.353333333333333,4.726666666666667,21.201,98.0,117.81,1589.0,11000.0,6921.4,5,2,19,0.49999999999999994,-0.8660254037844387,0.7485107481711013,-0.663122658240795,45.735151515151514,45.75473484848485,45.90625,46.04166666666667,45.78748106060606,0.07969104341085759,45.892584438131315,0.12612582365968092,45.904841645622895,0.10521720712204309,0
2023-05-21,45.75378787878788,ARROZ ORO PRIMERA CLASE IMPORTADO,ARROZ,2023,5,3.6900000000000004,4.17047619047619,4.4780952380952375,6.533,41.4,117.81,1589.0,11000.0,6921.4,5,2,20,0.49999999999999994,-0.8660254037844387,0.6631226582407952,-0.7485107481711012,45.76041666666667,45.735151515151514,45.75378787878788,45.9959595959596,45.75102272727273,0.010978272124277043,45.857428188131315,0.11753976676195779,45.893588489057244,0.11322869935137705,0
2023-05-28,45.75378787878788,ARROZ ORO PRIMERA CLASE IMPORTADO,ARROZ,2023,5,3.6633333333333336,4.14,4.4366666666666665,38.768,82.8,117.81,1589.0,11000.0,6921.4,5,2,21,0.49999999999999994,-0.8660254037844387,0.5680647467311558,-0.8229838658936564,45.75378787878788,45.76041666666667,45.75473484848485,46.0,45.751022727272726,0.010978272124277043,45.82715672348485,0.107523185263435,45.88039404461279,0.11990138006712699,0
2023-06-04,45.787121212121214,ARROZ ORO PRIMERA CLASE IMPORTADO,ARROZ,2023,6,3.6176190476190477,4.137142857142857,4.359523809523809,49.629999999999995,147.8,118.68,1589.0,11000.0,6921.4,6,2,22,1.2246467991473532e-16,-1.0,0.46472317204376906,-0.8854560256532096,45.75378787878788,45.75378787878788,45.735151515151514,45.953125,45.750785984848484,0.010881320502135475,45.79638020833333,0.08354578354844634,45.85987636784512,0.11863296579386552,0
2023-06-11,45.78598484848485,ARROZ ORO PRIMERA CLASE IMPORTADO,ARROZ,2023,6,3.61,4.136666666666667,4.346666666666667,27.869,96.8,118.68,1589.0,11000.0,6921.4,6,2,23,1.2246467991473532e-16,-1.0,0.35460488704253584,-0.9350162426854147,45.787121212121214,45.75378787878788,45.76041666666667,45.90625,45.76377840909092,0.015872504056636438,45.775629734848486,0.05468275745285311,45.849649095117854,0.11922191730355884,0
2023-06-18,45.80378787878788,ARROZ ORO PRIMERA CLASE IMPORTADO,ARROZ,2023,6,3.6014285714285714,4.1709523809523805,4.383809523809523,68.989,87.2,118.68,1589.0,11000.0,6921.4,6,2,24,1.2246467991473532e-16,-1.0,0.23931566428755768,-0.970941817426052,45.78598484848485,45.787121212121214,45.75378787878788,45.75378787878788,45.77017045454546,0.018922656729795307,45.760596590909095,0.017602918244602268,45.828342276936034,0.10361078555842536,0
2023-06-25,45.69924242424243,ARROZ ORO PRIMERA CLASE IMPORTADO,ARROZ,2023,6,3.6,4.176666666666667,4.39,55.077,183.4,118.68,1589.0,11000.0,6921.4,6,2,25,1.2246467991473532e-16,-1.0,0.12053668025532308,-0.992708874098054,45.80378787878788,45.78598484848485,45.75378787878788,45.75473484848485,45.78267045454545,0.020904092401425888,45.7668465909091,0.0229149604998337,45.81232796717172,0.08919692164961218,0
2023-07-02,45.75478787878789,ARROZ ORO PRIMERA CLASE IMPORTADO,ARROZ,2023,7,3.625714285714286,4.153809523809524,4.415714285714286,69.562,134.8,118.48,1589.0,11000.0,6921.4,7,3,26,-0.4999999999999997,-0.8660254037844388,-3.216245299353273e-16,-1.0,45.69924242424243,45.80378787878788,45.787121212121214,45.735151515151514,45.769034090909095,0.04723407894850743,45.75991003787879,0.03319718319712953,45.787264835858586,0.07232918476002852,0
2023-07-09,45.733901515151516,ARROZ ORO PRIMERA CLASE IMPORTADO,ARROZ,2023,7,3.6300000000000003,4.1499999999999995,4.420000000000001,59.797,82.6,118.48,1589.0,11000.0,6921.4,7,3,27,-0.4999999999999997,-0.8660254037844388,-0.12053668025532283,-0.992708874098054,45.75478787878789,45.69924242424243,45.78598484848485,45.76041666666667,45.76095075757576,0.04585347728468553,45.76236458333334,0.0318016722933492,45.77073674242425,0.05028432330190896,0
2023-07-16,45.77556818181818,ARROZ ORO PRIMERA CLASE IMPORTADO,ARROZ,2023,7,3.670000000000001,4.121428571428572,4.420000000000001,36.95399999999999,55.2,118.48,1589.0,11000.0,6921.4,7,3,28,-0.4999999999999997,-0.8660254037844388,-0.23931566428755743,-0.9709418174260521,45.733901515151516,45.75478787878789,45.80378787878788,45.75378787878788,45.74792992424243,0.0437203672697124,45.759050189393946,0.03337641326718385,45.75637436868687,0.027520740123234966,0
2023-07-23,45.75378787878788,ARROZ ORO PRIMERA CLASE IMPORTADO,ARROZ,2023,7,3.676666666666667,4.116666666666667,4.420000000000001,14.284,51.4,118.48,1589.0,11000.0,6921.4,7,3,29,-0.4999999999999997,-0.8660254037844388,-0.3546048870425356,-0.9350162426854148,45.77556818181818,45.733901515151516,45.69924242424243,45.75378787878788,45.740875,0.0325529615352812,45.76177272727273,0.03377181664997087,45.758189393939396,0.028047821563032954,0
2023-07-30,45.754333333333335,ARROZ ORO PRIMERA CLASE IMPORTADO,ARROZ,2023,7,3.7652380952380953,4.2195238095238095,4.522857142857143,56.133,110.0,118.48,1589.0,11000.0,6921.4,7,3,30,-0.4999999999999997,-0.8660254037844388,-0.46472317204376806,-0.8854560256532101,45.75378787878788,45.77556818181818,45.75478787878789,45.787121212121214,45.75451136363637,0.017017200471283078,45.761772727272735,0.03377181664997087,45.75811047979798,0.02805975435773403,0
2023-08-06,45.8235294117647,ARROZ ORO PRIMERA CLASE IMPORTADO,ARROZ,2023,8,3.78,4.236666666666666,4.54,66.96600000000001,154.0,119.73,1589.0,11000.0,6921.4,8,3,31,-0.8660254037844385,-0.5000000000000004,-0.5680647467311556,-0.8229838658936566,45.754333333333335,45.75378787878788,45.733901515151516,45.78598484848485,45.75439772727273,0.017016256118848303,45.757674242424244,0.03220950940443168,45.75970896464647,0.027165049224100343,0
2023-08-13,45.75378787878788,ARROZ ORO PRIMERA CLASE IMPORTADO,ARROZ,2023,8,4.017142857142857,4.462380952380952,4.751428571428571,26.945999999999998,93.4,119.73,1589.0,11000.0,6921.4,8,3,32,-0.8660254037844385,-0.5000000000000004,-0.663122658240795,-0.7485107481711013,45.8235294117647,45.754333333333335,45.77556818181818,45.80378787878788,45.77680470142602,0.03275903968606873,45.76236731283422,0.03895305069086792,45.7649683600713,0.032832844750097824,0
2023-08-20,45.75378787878788,ARROZ ORO PRIMERA CLASE IMPORTADO,ARROZ,2023,8,4.056666666666667,4.5,4.786666666666666,60.285,148.8,119.73,1589.0,11000.0,6921.4,8,3,33,-0.8660254037844385,-0.5000000000000004,-0.7485107481711011,-0.6631226582407952,45.75378787878788,45.8235294117647,45.75378787878788,45.69924242424243,45.77135962566845,0.034780807864169705,45.75611731283422,0.035186897950212424,45.7649683600713,0.032832844750097824,0
2023-08-27,45.75378787878788,ARROZ ORO PRIMERA CLASE IMPORTADO,ARROZ,2023,8,4.290952380952381,4.668571428571428,4.926666666666667,70.525,123.2,119.73,1589.0,11000.0,6921.4,8,3,34,-0.8660254037844385,-0.5000000000000004,-0.8229838658936564,-0.5680647467311559,45.75378787878788,45.75378787878788,45.754333333333335,45.75478787878789,45.77135962566845,0.034780807864169705,45.76293549465241,0.026900868269876275,45.7649683600713,0.032832844750097824,0
2023-09-03,45.75378787878788,ARROZ ORO PRIMERA CLASE IMPORTADO,ARROZ,2023,9,4.329999999999999,4.696666666666666,4.95,71.575,532.4,120.39,1589.0,11000.0,6921.4,9,3,35,-1.0,-1.8369701987210297e-16,-0.8854560256532096,-0.4647231720437691,45.75378787878788,45.75378787878788,45.8235294117647,45.733901515151516,45.77122326203209,0.03487076647968175,45.76281049465241,0.026946420985360122,45.76219058229353,0.03219205767861836,0
2023-09-10,45.75378787878788,ARROZ ORO PRIMERA CLASE IMPORTADO,ARROZ,2023,9,4.432857142857143,4.69952380952381,4.907142857142857,59.03,57.2,120.39,1589.0,11000.0,6921.4,9,3,36,-1.0,-1.8369701987210297e-16,-0.9350162426854147,-0.3546048870425359,45.75378787878788,45.75378787878788,45.75378787878788,45.77556818181818,45.75378787878788,0.0,45.76529629010695,0.024724228418881538,45.759507501485444,0.03135959415984085,0
2023-09-17,45.73458333333333,ARROZ ORO PRIMERA CLASE IMPORTADO,ARROZ,2023,9,4.45,4.7,4.8999999999999995,102.444,104.2,120.39,1589.0,11000.0,6921.4,9,3,37,-1.0,-1.8369701987210297e-16,-0.970941817426052,-0.23931566428755774,45.75378787878788,45.75378787878788,45.75378787878788,45.75378787878788,45.75378787878788,0.0,45.762573752228164,0.024630545403488347,45.75534083481878,0.028092856647840617,0
2023-09-24,45.76041666666667,ARROZ ORO PRIMERA CLASE IMPORTADO,ARROZ,2023,9,4.5528571428571425,4.662857142857143,4.845714285714286,95.62,85.0,120.39,1589.0,11000.0,6921.4,9,3,38,-1.0,-1.8369701987210297e-16,-0.992708874098054,-0.12053668025532357,45.73458333333333,45.75378787878788,45.75378787878788,45.754333333333335,45.74898674242424,0.00960227272727406,45.760173184046344,0.026475909603011258,45.758285910576355,0.02308296318835565,0
2023-10-01,45.75378787878788,ARROZ ORO PRIMERA CLASE IMPORTADO,ARROZ,2023,10,4.569999999999999,4.656666666666666,4.836666666666667,62.363,92.2,120.62,1589.0,11000.0,6921.4,10,4,39,-0.8660254037844386,0.5000000000000001,-1.0,-1.8369701987210297e-16,45.76041666666667,45.73458333333333,45.75378787878788,45.8235294117647,45.75064393939394,0.011153743395631159,45.76093360071302,0.02637137540301839,45.75875497623292,0.023062600005489906,0
2023-10-08,45.7760101010101,ARROZ ORO PRIMERA CLASE IMPORTADO,ARROZ,2023,10,4.644285714285714,4.596666666666667,4.776666666666666,82.18100000000001,95.4,120.62,1589.0,11000.0,6921.4,10,4,40,-0.8660254037844386,0.5000000000000001,-0.992708874098054,0.1205366802553232,45.75378787878788,45.76041666666667,45.75378787878788,45.75378787878788,45.75064393939394,0.011153743395631159,45.752215909090914,0.007492726829538671,45.76041217320261,0.02179395374220381,0
2023-10-15,45.753121212121215,ARROZ ORO PRIMERA CLASE IMPORTADO,ARROZ,2023,10,4.656666666666666,4.586666666666667,4.766666666666667,56.468,96.8,120.62,1589.0,11000.0,6921.4,10,4,41,-0.8660254037844386,0.5000000000000001,-0.9709418174260521,0.23931566428755738,45.7760101010101,45.75378787878788,45.73458333333333,45.75378787878788,45.7561994949495,0.017159244207402793,45.754993686868694,0.011307082310864285,45.760448999801945,0.021822246982967353,0
2023-10-22,45.786454545454546,ARROZ ORO PRIMERA CLASE IMPORTADO,ARROZ,2023,10,4.5338095238095235,4.320952380952381,4.535238095238095,31.659,957.0,120.62,1589.0,11000.0,6921.4,10,4,42,-0.8660254037844386,0.5000000000000001,-0.9350162426854148,0.35460488704253557,45.753121212121215,45.7760101010101,45.76041666666667,45.75378787878788,45.760833964646466,0.010639911183437113,45.75491035353535,0.011319688320350942,45.76039344424638,0.0218415866875655,0
2023-10-29,45.75378787878788,ARROZ ORO PRIMERA CLASE IMPORTADO,ARROZ,2023,10,4.513333333333333,4.276666666666666,4.496666666666667,70.754,84.4,120.62,1589.0,11000.0,6921.4,10,4,43,-0.8660254037844386,0.5000000000000001,-0.8854560256532101,0.464723172043768,45.786454545454546,45.753121212121215,45.75378787878788,45.75378787878788,45.76734343434344,0.016596890977638584,45.758993686868685,0.01584448805050252,45.76307021192316,0.022970492987328187,0
2023-11-05,45.80176767676769,ARROZ ORO PRIMERA CLASE IMPORTADO,ARROZ,2023,11,4.3933333333333335,4.036666666666667,4.225238095238095,71.204,170.0,122.34,1589.0,11000.0,6921.4,11,4,44,-0.5000000000000004,0.8660254037844384,-0.822983865893657,0.5680647467311548,45.75378787878788,45.786454545454546,45.7760101010101,45.75378787878788,45.76734343434343,0.016596890977638584,45.758993686868685,0.01584448805050252,45.75725841750842,0.012896801717769465,1
2023-11-12,45.75378787878788,ARROZ ORO PRIMERA CLASE IMPORTADO,ARROZ,2023,11,4.373333333333334,3.9966666666666666,4.18,35.12,83.4,122.34,1589.0,11000.0,6921.4,11,4,45,-0.5000000000000004,0.8660254037844384,-0.7485107481711011,0.6631226582407952,45.80176767676769,45.75378787878788,45.753121212121215,45.73458333333333,45.77378282828283,0.02429282849262908,45.764991161616166,0.021620396317274967,45.761256734006736,0.01810774204830174,1
2023-11-19,45.82046568627451,ARROZ ORO PRIMERA CLASE IMPORTADO,ARROZ,2023,11,4.259047619047618,3.888095238095238,4.005714285714285,12.363999999999999,51.2,122.34,1589.0,11000.0,6921.4,11,4,46,-0.5000000000000004,0.8660254037844384,-0.6631226582407955,0.7485107481711007,45.75378787878788,45.80176767676769,45.786454545454546,45.76041666666667,45.7739494949495,0.02410538709017352,45.767391729797986,0.01861975319347296,45.761256734006736,0.01810774204830174,1
2023-11-26,45.75182709447415,ARROZ ORO PRIMERA CLASE IMPORTADO,ARROZ,2023,11,4.239999999999999,3.8699999999999997,3.9766666666666666,4.182,33.6,122.34,1589.0,11000.0,6921.4,11,4,47,-0.5000000000000004,0.8660254037844384,-0.5680647467311559,0.8229838658936564,45.82046568627451,45.75378787878788,45.75378787878788,45.75378787878788,45.78245228015449,0.03396762872002245,45.77489785724896,0.026033835727504808,45.76681321796395,0.02465436639499245,1
2023-12-03,44.75,ARROZ ORO PRIMERA CLASE IMPORTADO,ARROZ,2023,12,4.054285714285714,3.7785714285714285,3.890952380952381,0.576,6.8,114.17,1589.0,11000.0,6921.4,12,4,48,-2.4492935982947064e-16,1.0,-0.4647231720437684,0.88545602565321,45.75182709447415,45.82046568627451,45.80176767676769,45.7760101010101,45.781962084076056,0.03452869495579933,45.774652759209744,0.026269135987750804,45.766649819271144,0.024754833600972533,1
2023-12-10,45.77045454545455,ARROZ ORO PRIMERA CLASE IMPORTADO,ARROZ,2023,12,4.023333333333333,3.763333333333333,3.8766666666666674,0.227,11.8,114.17,1589.0,11000.0,6921.4,12,4,49,-2.4492935982947064e-16,1.0,-0.35460488704253595,0.9350162426854147,44.75,45.75182709447415,45.75378787878788,45.753121212121215,45.51902016488414,0.5136718674800913,45.64640149658348,0.36315184077272156,45.683000829372155,0.29483221777670493,1
2023-12-17,45.80378787878788,ARROZ ORO PRIMERA CLASE IMPORTADO,ARROZ,2023,12,3.8376190476190475,3.723333333333333,3.8423809523809522,0.032,1.2,114.17,1589.0,11000.0,6921.4,12,4,50,-2.4492935982947064e-16,1.0,-0.2393156642875578,0.970941817426052,45.77045454545455,44.75,45.82046568627451,45.786454545454546,45.5231868315508,0.51627198455796,45.648568163250154,0.3639303940297436,45.68599009704892,0.2955836402345251,1
2023-12-24,45.75378787878788,ARROZ ORO PRIMERA CLASE IMPORTADO,ARROZ,2023,12,3.778809523809524,3.705238095238095,3.8245238095238094,0.082,5.0,114.17,1589.0,11000.0,6921.4,12,4,51,-2.4492935982947064e-16,1.0,-0.12053668025532363,0.992708874098054,45.80378787878788,45.77045454545455,45.75182709447415,45.75378787878788,45.51901737967914,0.5131286320366171,45.65073482991682,0.3649188309021909,45.68960436472569,0.2968389248036876,1
2023-12-31,45.73939393939394,ARROZ ORO PRIMERA CLASE IMPORTADO,ARROZ,2023,12,3.5688095238095237,3.6238095238095234,3.730238095238095,25.959000000000003,2240.8,114.17,1589.0,11000.0,6921.4,12,4,52,-2.4492935982947064e-16,1.0,6.432490598706546e-16,1.0,45.75378787878788,45.80378787878788,44.75,45.80176767676769,45.51950757575757,0.5134260225281934,45.65073482991682,0.3649188309021909,45.68960436472569,0.2968389248036876,1
2024-01-07,45.725,ARROZ ORO PRIMERA CLASE IMPORTADO,ARROZ,2024,1,3.5823809523809524,3.6309523809523805,3.735238095238095,0.14200000000000002,6.0,114.66,1567.0,11000.0,7019.5,1,1,1,0.49999999999999994,0.8660254037844387,0.12053668025532305,0.992708874098054,45.73939393939394,45.75378787878788,45.77045454545455,45.75378787878788,45.76685606060606,0.027699902315885636,45.6429381127451,0.36188464588778696,45.686553017924346,0.29605714158831437,1
2024-01-14,45.720454545454544,ARROZ ORO PRIMERA CLASE IMPORTADO,ARROZ,2024,1,3.7409523809523813,3.723809523809524,3.8809523809523805,0.027,1.2,114.66,1567.0,11000.0,7019.5,1,1,2,0.49999999999999994,0.8660254037844387,0.23931566428755774,0.970941817426052,45.725,45.73939393939394,45.80378787878788,45.82046568627451,45.755492424242426,0.034274896331289925,45.63933962789661,0.3607663209787425,45.684209583580916,0.2955932536562097,1
2024-01-21,45.75182709447415,ARROZ ORO PRIMERA CLASE IMPORTADO,ARROZ,2024,1,3.7466666666666666,3.73,3.896666666666666,0.026000000000000002,1.0,114.66,1567.0,11000.0,7019.5,1,1,3,0.49999999999999994,0.8660254037844387,0.3546048870425356,0.9350162426854148,45.720454545454544,45.725,45.75378787878788,45.75182709447415,45.73465909090909,0.015093005716250055,45.626838235294116,0.3552844073532919,45.67870958358091,0.2941282578477987,1
2024-01-28,45.75378787878788,ARROZ ORO PRIMERA CLASE IMPORTADO,ARROZ,2024,1,3.818095238095238,3.7871428571428574,4.013809523809523,0.152,3.8,114.66,1567.0,11000.0,7019.5,1,1,4,0.49999999999999994,0.8660254037844387,0.4647231720437685,0.8854560256532099,45.75182709447415,45.720454545454544,45.73939393939394,44.75,45.73416889483066,0.014274278925969417,45.626838235294116,0.3552844073532919,45.6785461848881,0.2940832986987372,1
2024-02-04,45.75796568627451,ARROZ ORO PRIMERA CLASE IMPORTADO,ARROZ,2024,2,3.8300000000000005,3.796666666666667,4.033333333333332,0.749,10.4,116.87,1567.0,11000.0,7019.5,2,1,5,0.8660254037844386,0.5000000000000001,0.5680647467311558,0.8229838658936564,45.75378787878788,45.75182709447415,45.725,45.77045454545455,45.73776737967914,0.01748401350353702,45.7523117201426,0.02648781031772725,45.67454786838979,0.292578006743636,0
2024-02-11,45.75378787878788,ARROZ ORO PRIMERA CLASE IMPORTADO,ARROZ,2024,2,3.9328571428571424,3.8680952380952385,4.116190476190476,1.8419999999999999,50.4,116.87,1567.0,11000.0,7019.5,2,1,6,0.8660254037844386,0.5000000000000001,0.6631226582407952,0.7485107481711011,45.75796568627451,45.75378787878788,45.720454545454544,45.80378787878788,45.746008801247775,0.017227436181253778,45.7507506127451,0.02561957242941836,45.674896019013666,0.29268333631439,0
2024-02-18,45.80378787878788,ARROZ ORO PRIMERA CLASE IMPORTADO,ARROZ,2024,2,3.9499999999999997,3.8800000000000003,4.13,0.011,0.6,116.87,1567.0,11000.0,7019.5,2,1,7,0.8660254037844386,0.5000000000000001,0.7485107481711011,0.6631226582407953,45.75378787878788,45.75796568627451,45.75182709447415,45.75378787878788,45.75434213458111,0.0025865003762658603,45.7445006127451,0.014532283450424453,45.66933953505645,0.2902916702938539,0
2024-02-25,45.75712121212122,ARROZ ORO PRIMERA CLASE IMPORTADO,ARROZ,2024,2,4.075714285714286,3.9971428571428573,4.224285714285714,0.009000000000000001,0.6,116.87,1567.0,11000.0,7019.5,2,1,8,0.8660254037844386,0.5000000000000001,0.8229838658936564,0.5680647467311559,45.80378787878788,45.75378787878788,45.75378787878788,45.73939393939394,45.76733233065954,0.024383364338467446,45.7507506127451,0.025619572429420426,45.67366960041593,0.29201633801477833,0
2024-03-03,45.75378787878788,ARROZ ORO PRIMERA CLASE IMPORTADO,ARROZ,2024,3,4.096666666666667,4.016666666666667,4.239999999999999,0.05,2.0,114.99,1567.0,11000.0,7019.5,3,1,9,1.0,6.123233995736766e-17,0.8854560256532099,0.4647231720437686,45.75712121212122,45.80378787878788,45.75796568627451,45.725,45.768165663992875,0.02381653737013803,45.75296652183601,0.025261110489891957,45.75759636809269,0.025731429516764652,0
2024-03-10,45.74766042780749,ARROZ ORO PRIMERA CLASE IMPORTADO,ARROZ,2024,3,4.088095238095238,4.085238095238095,4.325714285714286,0.006,0.2,114.99,1567.0,11000.0,7019.5,3,1,10,1.0,6.123233995736766e-17,0.9350162426854148,0.35460488704253557,45.75378787878788,45.75712121212122,45.75378787878788,45.720454545454544,45.76712121212121,0.024494897427875414,45.7565650066845,0.02262053889808762,45.7562074792038,0.025422243002943153,0
2024-03-17,45.75378787878788,ARROZ ORO PRIMERA CLASE IMPORTADO,ARROZ,2024,3,4.086666666666667,4.096666666666667,4.34,0.81,39.6,114.99,1567.0,11000.0,7019.5,3,1,11,1.0,6.123233995736766e-17,0.970941817426052,0.23931566428755804,45.74766042780749,45.75378787878788,45.80378787878788,45.75182709447415,45.765589349376114,0.025765338049756878,45.75996574197861,0.01798661236544106,45.7515301916221,0.020573213533047797,0
2024-03-24,45.802083333333336,ARROZ ORO PRIMERA CLASE IMPORTADO,ARROZ,2024,3,3.9895238095238095,4.173809523809523,4.474285714285714,0.595,27.2,114.99,1567.0,11000.0,7019.5,3,1,12,1.0,6.123233995736766e-17,0.992708874098054,0.120536680255323,45.75378787878788,45.74766042780749,45.75712121212122,45.75378787878788,45.75308934937612,0.003945672451269358,45.76021084001783,0.017872866093221175,45.7515301916221,0.020573213533047797,0
2024-03-31,45.76041666666667,ARROZ ORO PRIMERA CLASE IMPORTADO,ARROZ,2024,3,3.973333333333333,4.1866666666666665,4.496666666666667,0.131,10.4,114.99,1567.0,11000.0,7019.5,3,1,13,1.0,6.123233995736766e-17,1.0,-1.6081226496766366e-16,45.802083333333336,45.75378787878788,45.75378787878788,45.75796568627451,45.76432987967915,0.025334176219159812,45.76624777183601,0.022855353533479093,45.75675430778372,0.02474720022460718,0
2024-04-07,45.71875,ARROZ ORO PRIMERA CLASE IMPORTADO,ARROZ,2024,4,3.967619047619048,4.2838095238095235,4.59952380952381,12.257000000000001,67.8,117.56,1567.0,11000.0,7019.5,4,2,14,0.8660254037844387,-0.4999999999999998,0.992708874098054,-0.12053668025532288,45.76041666666667,45.802083333333336,45.74766042780749,45.75378787878788,45.76598707664885,0.02462150618337933,45.766554144385026,0.022744632739301104,45.75970569667262,0.02263788369848018,0
2024-04-14,45.733901515151516,ARROZ ORO PRIMERA CLASE IMPORTADO,ARROZ,2024,4,3.9666666666666663,4.3,4.616666666666667,6.317,37.6,117.56,1567.0,11000.0,7019.5,4,2,15,0.8660254037844387,-0.4999999999999998,0.9709418174260521,-0.2393156642875575,45.71875,45.76041666666667,45.75378787878788,45.80378787878788,45.75875946969697,0.03418175850647925,45.76217440953654,0.02825908272058534,45.759563651218066,0.02291027093381056,0
2024-04-21,45.80378787878788,ARROZ ORO PRIMERA CLASE IMPORTADO,ARROZ,2024,4,3.986666666666667,4.354285714285714,4.679523809523809,32.095,74.2,117.56,1567.0,11000.0,7019.5,4,2,16,0.8660254037844387,-0.4999999999999998,0.9350162426854148,-0.35460488704253545,45.733901515151516,45.71875,45.802083333333336,45.75712121212122,45.753787878787875,0.03651261045690383,45.753438614082,0.02404517489300245,45.75806985294118,0.0240181737527876,0
2024-04-28,45.743787878787884,ARROZ ORO PRIMERA CLASE IMPORTADO,ARROZ,2024,4,3.9899999999999998,4.363333333333333,4.69,21.742,119.4,117.56,1567.0,11000.0,7019.5,4,2,17,0.8660254037844387,-0.4999999999999998,0.8854560256532099,-0.4647231720437685,45.80378787878788,45.733901515151516,45.76041666666667,45.75378787878788,45.75421401515152,0.03726631574929721,45.75927194741533,0.02999156489826847,45.762236519607846,0.027318106925532434,0
2024-05-05,45.76934523809524,ARROZ ORO PRIMERA CLASE IMPORTADO,ARROZ,2024,5,3.9442857142857135,4.34047619047619,4.678571428571429,9.120000000000001,41.4,117.76,1567.0,11000.0,7019.5,5,2,18,0.49999999999999994,-0.8660254037844387,0.8229838658936565,-0.5680647467311557,45.743787878787884,45.80378787878788,45.71875,45.74766042780749,45.75005681818182,0.03727124519722044,45.75802194741533,0.03045755624724339,45.76105503565063,0.02782155819535529,0
2024-05-12,45.692234848484844,ARROZ ORO PRIMERA CLASE IMPORTADO,ARROZ,2024,5,3.936666666666666,4.336666666666667,4.676666666666667,3.342,30.0,117.76,1567.0,11000.0,7019.5,5,2,19,0.49999999999999994,-0.8660254037844387,0.7485107481711013,-0.663122658240795,45.76934523809524,45.743787878787884,45.733901515151516,45.75378787878788,45.76270562770563,0.031195052515116613,45.7607325487013,0.030368489487965642,45.76235148225957,0.027814608173957346,0
2024-05-19,45.75378787878788,ARROZ ORO PRIMERA CLASE IMPORTADO,ARROZ,2024,5,3.8195238095238095,4.256666666666667,4.562380952380953,19.638,90.0,117.76,1567.0,11000.0,7019.5,5,2,20,0.49999999999999994,-0.8660254037844387,0.6631226582407952,-0.7485107481711012,45.692234848484844,45.76934523809524,45.80378787878788,45.802083333333336,45.752288961038964,0.046981627438957445,45.75303841991342,0.03896119979958924,45.75305539640098,0.03114852620729598,0
2024-05-26,45.720454545454544,ARROZ ORO PRIMERA CLASE IMPORTADO,ARROZ,2024,5,3.8000000000000003,4.243333333333333,4.543333333333334,25.341,114.0,117.76,1567.0,11000.0,7019.5,5,2,21,0.49999999999999994,-0.8660254037844387,0.5680647467311558,-0.8229838658936564,45.75378787878788,45.692234848484844,45.743787878787884,45.76041666666667,45.73978896103897,0.033401238377974506,45.747001488095236,0.03365672808726781,45.75277761862321,0.031123824958912374,0
2024-06-02,45.733901515151516,ARROZ ORO PRIMERA CLASE IMPORTADO,ARROZ,2024,6,3.7399999999999998,4.16047619047619,4.426190476190476,59.824,72.6,116.08,1567.0,11000.0,7019.5,6,2,22,1.2246467991473532e-16,-1.0,0.46472317204376906,-0.8854560256532096,45.720454545454544,45.75378787878788,45.76934523809524,45.71875,45.733955627705626,0.034489831096831916,45.74200622294373,0.03433985434442393,45.749999840845426,0.03248326159407409,0
2024-06-09,45.733901515151516,ARROZ ORO PRIMERA CLASE IMPORTADO,ARROZ,2024,6,3.73,4.1466666666666665,4.406666666666666,81.517,142.2,116.08,1567.0,11000.0,7019.5,6,2,23,1.2246467991473532e-16,-1.0,0.35460488704253584,-0.9350162426854147,45.733901515151516,45.720454545454544,45.692234848484844,45.733901515151516,45.7250946969697,0.025833823938626918,45.74390016233767,0.03327529651287869,45.74885326479077,0.03281448227768325,0
2024-06-16,45.76041666666667,ARROZ ORO PRIMERA CLASE IMPORTADO,ARROZ,2024,6,3.6757142857142857,4.043809523809523,4.280952380952381,213.586,385.6,116.08,1567.0,11000.0,7019.5,6,2,24,1.2246467991473532e-16,-1.0,0.23931566428755768,-0.970941817426052,45.733901515151516,45.733901515151516,45.75378787878788,45.80378787878788,45.73551136363636,0.013734652090468842,45.74390016233767,0.03327529651287869,45.74719606782107,0.03304396726552451,0
2024-06-23,45.733901515151516,ARROZ ORO PRIMERA CLASE IMPORTADO,ARROZ,2024,6,3.6666666666666665,4.026666666666666,4.260000000000001,237.173,312.4,116.08,1567.0,11000.0,7019.5,6,2,25,1.2246467991473532e-16,-1.0,0.12053668025532308,-0.992708874098054,45.76041666666667,45.733901515151516,45.720454545454544,45.743787878787884,45.737168560606065,0.016744948590552745,45.73847876082252,0.02450026555150099,45.74372384559884,0.028649032811844045,0
2024-06-30,45.77020202020202,ARROZ ORO PRIMERA CLASE IMPORTADO,ARROZ,2024,6,3.683809523809523,3.9666666666666672,4.217142857142857,120.485,117.2,116.08,1567.0,11000.0,7019.5,6,2,26,1.2246467991473532e-16,-1.0,-3.216245299353273e-16,-1.0,45.733901515151516,45.76041666666667,45.733901515151516,45.76934523809524,45.7405303030303,0.013257575757653274,45.73724296536797,0.02444348585667001,45.74151424963926,0.028264462139127106,0
2021-05-09,53.9,FRIJOL  ROJO DE SEDA NACIONAL,FRIJOL,2021,5,2.9323809523809525,3.461904761904762,3.65,37.323,69.4,111.72,96745.0,104673.84,1082.0,5,2,18,0.49999999999999994,-0.8660254037844387,0.8229838658936565,-0.5680647467311557,,,,,,,,,,,0
2021-05-16,53.08116883116883,FRIJOL  ROJO DE SEDA NACIONAL,FRIJOL,2021,5,2.94,3.4666666666666663,3.6566666666666667,16.133,85.2,111.72,96745.0,104673.84,1082.0,5,2,19,0.49999999999999994,-0.8660254037844387,0.7485107481711013,-0.663122658240795,53.9,,,,53.9,,53.9,,53.9,,0
2021-05-23,53.05301587301587,FRIJOL  ROJO DE SEDA NACIONAL,FRIJOL,2021,5,3.0314285714285716,3.5180952380952375,3.710952380952381,20.783,73.0,111.72,96745.0,104673.84,1082.0,5,2,20,0.49999999999999994,-0.8660254037844387,0.6631226582407952,-0.7485107481711012,53.08116883116883,53.9,,,53.490584415584415,0.579001072127425,53.490584415584415,0.579001072127425,53.490584415584415,0.579001072127425,0
2021-05-30,53.02222222222222,FRIJOL  ROJO DE SEDA NACIONAL,FRIJOL,2021,5,3.046666666666667,3.526666666666666,3.72,46.988,108.4,111.72,96745.0,104673.84,1082.0,5,2,21,0.49999999999999994,-0.8660254037844387,0.5680647467311558,-0.8229838658936564,53.05301587301587,53.08116883116883,,,53.34472823472823,0.4810854365330621,53.34472823472823,0.4810854365330621,53.34472823472823,0.4810854365330621,0
2021-06-06,52.95777777777778,FRIJOL  ROJO DE SEDA NACIONAL,FRIJOL,2021,6,3.1066666666666665,3.5609523809523806,3.768571428571428,54.7,74.0,112.93,96745.0,104673.84,1082.0,6,2,22,1.2246467991473532e-16,-1.0,0.46472317204376906,-0.8854560256532096,53.02222222222222,53.05301587301587,53.9,,53.26410173160173,0.42461511614061087,53.26410173160173,0.42461511614061087,53.26410173160173,0.42461511614061087,0
2021-06-13,53.09301587301587,FRIJOL  ROJO DE SEDA NACIONAL,FRIJOL,2021,6,3.1166666666666667,3.5666666666666664,3.776666666666666,87.374,116.2,112.93,96745.0,104673.84,1082.0,6,2,23,1.2246467991473532e-16,-1.0,0.35460488704253584,-0.9350162426854147,52.95777777777778,53.02222222222222,53.08116883116883,,53.02854617604618,0.05296561301888275,53.20283694083694,0.39241606819624086,53.20283694083694,0.39241606819624086,0
2021-06-20,53.19126984126984,FRIJOL  ROJO DE SEDA NACIONAL,FRIJOL,2021,6,3.1595238095238094,3.5752380952380953,3.793809523809524,69.86,135.0,112.93,96745.0,104673.84,1082.0,6,2,24,1.2246467991473532e-16,-1.0,0.23931566428755768,-0.970941817426052,53.09301587301587,52.95777777777778,53.05301587301587,,53.031507936507936,0.057061891493574525,53.184533429533424,0.35383952240967115,53.184533429533424,0.35383952240967115,0
2021-06-27,52.92802308802309,FRIJOL  ROJO DE SEDA NACIONAL,FRIJOL,2021,6,3.1666666666666665,3.5766666666666667,3.796666666666667,114.338,113.0,112.93,96745.0,104673.84,1082.0,6,2,25,1.2246467991473532e-16,-1.0,0.12053668025532308,-0.992708874098054,53.19126984126984,53.09301587301587,53.02222222222222,,53.06607142857143,0.1000848195753702,53.1854957740672,0.323019848355482,53.1854957740672,0.323019848355482,0
2021-07-04,52.98222222222222,FRIJOL  ROJO DE SEDA NACIONAL,FRIJOL,2021,7,3.212380952380953,3.6538095238095236,3.848095238095238,46.013000000000005,107.2,113.5,96745.0,104673.84,1082.0,7,3,26,-0.4999999999999997,-0.8660254037844388,-3.216245299353273e-16,-1.0,52.92802308802309,53.19126984126984,52.95777777777778,53.9,53.042521645021644,0.12242975610260813,53.15331168831169,0.312605775387883,53.15331168831169,0.312605775387883,0
2021-07-11,53.03222222222222,FRIJOL  ROJO DE SEDA NACIONAL,FRIJOL,2021,7,3.22,3.6666666666666665,3.856666666666667,26.548000000000002,104.4,113.5,96745.0,104673.84,1082.0,7,3,27,-0.4999999999999997,-0.8660254037844388,-0.12053668025532283,-0.992708874098054,52.98222222222222,52.92802308802309,53.09301587301587,53.08116883116883,53.04863275613276,0.11729201475587966,53.03858946608947,0.08493296521628899,53.13430174763508,0.2979252843514299,0
2021-07-18,53.18888888888889,FRIJOL  ROJO DE SEDA NACIONAL,FRIJOL,2021,7,3.2257142857142855,3.7066666666666666,3.905238095238096,41.922,63.0,113.5,96745.0,104673.84,1082.0,7,3,28,-0.4999999999999997,-0.8660254037844388,-0.23931566428755743,-0.9709418174260521,53.03222222222222,52.98222222222222,53.19126984126984,53.05301587301587,53.033434343434344,0.11350143573430337,53.03247113997114,0.08317222081835574,53.12409379509379,0.2827354489830273,0
2021-07-25,52.61785714285714,FRIJOL  ROJO DE SEDA NACIONAL,FRIJOL,2021,7,3.2266666666666666,3.7133333333333334,3.9133333333333336,22.721,112.8,113.5,96745.0,104673.84,1082.0,7,3,29,-0.4999999999999997,-0.8660254037844388,-0.3546048870425356,-0.9350162426854148,53.18888888888889,53.03222222222222,52.92802308802309,53.02222222222222,53.0328391053391,0.1123986681907809,53.04945526695526,0.1001142702660411,53.12998425816607,0.2689369327700003,0
2021-08-01,52.28354978354978,FRIJOL  ROJO DE SEDA NACIONAL,FRIJOL,2021,8,3.212380952380953,3.741904761904762,3.9590476190476194,55.868,97.4,112.71,96745.0,104673.84,1082.0,8,3,30,-0.8660254037844385,-0.5000000000000004,-0.46472317204376806,-0.8854560256532101,52.61785714285714,53.18888888888889,52.98222222222222,52.95777777777778,52.95529761904761,0.2415735120326799,52.99890963203463,0.18332503612813258,53.087306998557004,0.29598659958289886,0
2021-08-08,52.15352092352092,FRIJOL  ROJO DE SEDA NACIONAL,FRIJOL,2021,8,3.2100000000000004,3.7466666666666666,3.9666666666666663,92.913,82.8,112.71,96745.0,104673.84,1082.0,8,3,31,-0.8660254037844385,-0.5000000000000004,-0.5680647467311556,-0.8229838658936566,52.28354978354978,52.61785714285714,53.03222222222222,53.09301587301587,52.78062950937951,0.40969814548730765,52.914631132756135,0.3136151968721831,52.95260281385281,0.25787626984114587,0
2021-08-15,52.023492063492064,FRIJOL  ROJO DE SEDA NACIONAL,FRIJOL,2021,8,3.224285714285714,3.7895238095238097,3.9952380952380957,45.388999999999996,110.2,112.71,96745.0,104673.84,1082.0,8,3,32,-0.8660254037844385,-0.5000000000000004,-0.663122658240795,-0.7485107481711013,52.15352092352092,52.28354978354978,53.18888888888889,53.19126984126984,52.56095418470419,0.4620587998167883,52.79719426406926,0.40100191164363935,52.875298821548824,0.3413600652940689,0
2021-08-22,53.24952380952381,FRIJOL  ROJO DE SEDA NACIONAL,FRIJOL,2021,8,3.2266666666666666,3.796666666666667,4.0,109.962,147.8,112.71,96745.0,104673.84,1082.0,8,3,33,-0.8660254037844385,-0.5000000000000004,-0.7485107481711011,-0.6631226582407952,52.023492063492064,52.15352092352092,52.61785714285714,52.92802308802309,52.26960497835498,0.2552914036426149,52.65122204184704,0.4469698215030149,52.78950517075517,0.41423076928471414,0
2021-08-29,55.87269841269841,FRIJOL  ROJO DE SEDA NACIONAL,FRIJOL,2021,8,3.192380952380952,3.779523809523809,3.962857142857143,56.402,117.8,112.71,96745.0,104673.84,1082.0,8,3,34,-0.8660254037844385,-0.5000000000000004,-0.8229838658936564,-0.5680647467311559,53.24952380952381,52.023492063492064,52.28354978354978,52.98222222222222,52.42752164502164,0.5581910525605145,52.69140963203463,0.4879841912166192,52.80844696969697,0.43070901941391726,0
2021-09-05,55.3368253968254,FRIJOL  ROJO DE SEDA NACIONAL,FRIJOL,2021,9,3.186666666666666,3.776666666666666,3.956666666666667,58.578,122.0,112.13,96745.0,104673.84,1082.0,9,3,35,-1.0,-1.8369701987210297e-16,-0.8854560256532096,-0.4647231720437691,55.87269841269841,53.24952380952381,52.15352092352092,53.03222222222222,53.324808802308794,1.7853804306636347,53.05271915584415,1.2339581935233173,53.05135702260702,0.9862641423567948,0
2021-09-12,55.642857142857146,FRIJOL  ROJO DE SEDA NACIONAL,FRIJOL,2021,9,3.1809523809523808,3.759523809523809,3.905238095238095,137.219,197.8,112.13,96745.0,104673.84,1082.0,9,3,36,-1.0,-1.8369701987210297e-16,-0.9350162426854147,-0.3546048870425359,55.3368253968254,55.87269841269841,52.023492063492064,53.18888888888889,54.12063492063492,1.7986743716567697,53.34079455266955,1.4741288703742477,53.23834114959114,1.187126400878624,0
2021-09-19,56.141666666666666,FRIJOL  ROJO DE SEDA NACIONAL,FRIJOL,2021,9,3.1799999999999997,3.7566666666666664,3.896666666666666,34.107,84.6,112.13,96745.0,104673.84,1082.0,9,3,37,-1.0,-1.8369701987210297e-16,-0.970941817426052,-0.23931566428755774,55.642857142857146,55.3368253968254,53.24952380952381,52.61785714285714,55.02547619047619,1.2041442219677008,53.64754058441558,1.6790755662316552,53.442640091390096,1.3744613745244563,0
2021-09-26,56.086666666666666,FRIJOL  ROJO DE SEDA NACIONAL,FRIJOL,2021,9,3.237142857142857,3.7652380952380957,3.890952380952381,81.89,758.0,112.13,96745.0,104673.84,1082.0,9,3,38,-1.0,-1.8369701987210297e-16,-0.992708874098054,-0.12053668025532357,56.141666666666666,55.642857142857146,55.87269841269841,52.28354978354978,55.7485119047619,0.3418779826642963,54.08801677489178,1.8261327611394387,53.71044372294372,1.5649534742916111,0
2021-10-03,55.983333333333334,FRIJOL  ROJO DE SEDA NACIONAL,FRIJOL,2021,10,3.2466666666666666,3.766666666666667,3.89,28.262,66.8,112.85,96745.0,104673.84,1082.0,10,4,39,-0.8660254037844386,0.5000000000000001,-1.0,-1.8369701987210297e-16,56.086666666666666,56.141666666666666,55.3368253968254,52.15352092352092,55.80200396825396,0.382152855940599,54.56340638528138,1.7838106899422281,53.96914742664743,1.685577073886063,0
2021-10-10,56.41904761904762,FRIJOL  ROJO DE SEDA NACIONAL,FRIJOL,2021,10,3.318095238095238,3.7495238095238093,3.878571428571429,61.594,107.0,112.85,96745.0,104673.84,1082.0,10,4,40,-0.8660254037844386,0.5000000000000001,-0.992708874098054,0.1205366802553232,55.983333333333334,56.086666666666666,55.642857142857146,52.023492063492064,55.96363095238095,0.2236951223149328,55.04213293650794,1.5422189836665685,54.21507335257335,1.7504864801121056,0
2021-10-17,56.85142857142857,FRIJOL  ROJO DE SEDA NACIONAL,FRIJOL,2021,10,3.3300000000000005,3.7466666666666666,3.8766666666666674,41.412000000000006,129.4,112.85,96745.0,104673.84,1082.0,10,4,41,-0.8660254037844386,0.5000000000000001,-0.9709418174260521,0.23931566428755738,56.41904761904762,55.983333333333334,56.141666666666666,53.24952380952381,56.15767857142857,0.1861980243465097,55.59157738095238,1.0012608834846546,54.48425324675325,1.8251073770706057,0
2021-10-24,56.94574314574315,FRIJOL  ROJO DE SEDA NACIONAL,FRIJOL,2021,10,3.481428571428571,3.8352380952380956,3.970952380952381,58.775,101.6,112.85,96745.0,104673.84,1082.0,10,4,42,-0.8660254037844386,0.5000000000000001,-0.9350162426854148,0.35460488704253557,56.85142857142857,56.41904761904762,56.086666666666666,55.87269841269841,56.335119047619045,0.3911953066584116,56.04181547619048,0.4625949862382335,54.837050865800855,1.840644081867644,0
2021-10-31,57.073015873015876,FRIJOL  ROJO DE SEDA NACIONAL,FRIJOL,2021,10,3.5066666666666664,3.85,3.986666666666667,13.722999999999999,56.2,112.85,96745.0,104673.84,1082.0,10,4,43,-0.8660254037844386,0.5000000000000001,-0.8854560256532101,0.464723172043768,56.94574314574315,56.85142857142857,55.983333333333334,55.3368253968254,56.54988816738817,0.44186400933547043,56.17594606782107,0.5532392113438602,55.22556697931699,1.7420613470606143,0
2021-11-07,56.798809523809524,FRIJOL  ROJO DE SEDA NACIONAL,FRIJOL,2021,11,3.635238095238095,3.9871428571428575,4.126666666666666,6.887,51.0,114.65,96745.0,104673.84,1082.0,11,4,44,-0.5000000000000004,0.8660254037844384,-0.822983865893657,0.5680647467311548,57.073015873015876,56.94574314574315,56.41904761904762,55.642857142857146,56.822308802308804,0.2837590617173857,56.392969877344875,0.5163514083695955,55.635524891774885,1.517814507537495,1
2021-11-14,57.073015873015876,FRIJOL  ROJO DE SEDA NACIONAL,FRIJOL,2021,11,3.6566666666666667,4.010000000000001,4.1499999999999995,0.47300000000000003,14.0,114.65,96745.0,104673.84,1082.0,11,4,45,-0.5000000000000004,0.8660254037844384,-0.7485107481711011,0.6631226582407952,56.798809523809524,57.073015873015876,56.85142857142857,56.141666666666666,56.917249278499284,0.12032660194634819,56.53746392496392,0.4311678334642957,56.03346801346802,1.0334195186812398,1
2021-11-21,57.57103174603174,FRIJOL  ROJO DE SEDA NACIONAL,FRIJOL,2021,11,3.6366666666666667,3.9899999999999998,4.138571428571429,5.734,28.8,114.65,96745.0,104673.84,1082.0,11,4,46,-0.5000000000000004,0.8660254037844384,-0.6631226582407955,0.7485107481711007,57.073015873015876,56.798809523809524,56.94574314574315,56.086666666666666,56.9726461038961,0.1305004557331591,56.65388257575758,0.43475344501481716,56.35209235209235,0.5923429373072503,1
2021-11-28,57.65555555555555,FRIJOL  ROJO DE SEDA NACIONAL,FRIJOL,2021,11,3.6333333333333333,3.986666666666667,4.136666666666667,0.29,5.2,114.65,96745.0,104673.84,1082.0,11,4,47,-0.5000000000000004,0.8660254037844384,-0.5680647467311559,0.8229838658936564,57.57103174603174,57.073015873015876,57.073015873015876,55.983333333333334,57.12896825396825,0.32181063582157926,56.839428210678214,0.4731482941153264,56.49362012987013,0.6657330248088628,1
2021-12-05,57.72698412698412,FRIJOL  ROJO DE SEDA NACIONAL,FRIJOL,2021,12,3.5533333333333332,3.8952380952380956,4.05095238095238,0.014,0.6,113.44,96745.0,104673.84,1082.0,12,4,48,-2.4492935982947064e-16,1.0,-0.4647231720437684,0.88545602565321,57.65555555555555,57.57103174603174,56.798809523809524,56.41904761904762,57.27460317460317,0.408253047675525,57.048455988455984,0.4054467846970741,56.68684764309765,0.635258178021737,1
2021-12-12,58.87777777777778,FRIJOL  ROJO DE SEDA NACIONAL,FRIJOL,2021,12,3.5399999999999996,3.8800000000000003,4.036666666666666,0.7849999999999999,14.4,113.44,96745.0,104673.84,1082.0,12,4,49,-2.4492935982947064e-16,1.0,-0.35460488704253595,0.9350162426854147,57.72698412698412,57.65555555555555,57.073015873015876,56.85142857142857,57.50664682539682,0.2960312805859253,57.211948051948056,0.37817568994211714,56.860524891774894,0.6082078577263375,1
2021-12-19,58.81777777777778,FRIJOL  ROJO DE SEDA NACIONAL,FRIJOL,2021,12,3.382857142857143,3.7257142857142855,3.865238095238095,3.7199999999999998,34.4,113.44,96745.0,104673.84,1082.0,12,4,50,-2.4492935982947064e-16,1.0,-0.2393156642875578,0.970941817426052,58.87777777777778,57.72698412698412,57.57103174603174,56.94574314574315,57.957837301587304,0.6165972374655334,57.4652417027417,0.6689940164805334,57.088534151034146,0.7975974247010114,1
2021-12-26,58.629629629629626,FRIJOL  ROJO DE SEDA NACIONAL,FRIJOL,2021,12,3.356666666666667,3.6999999999999997,3.8366666666666664,1.351,25.0,113.44,96745.0,104673.84,1082.0,12,4,51,-2.4492935982947064e-16,1.0,-0.12053668025532363,0.992708874098054,58.81777777777778,58.87777777777778,57.65555555555555,57.073015873015876,58.26952380952381,0.6687953417934447,57.69924603174603,0.7795861387589471,57.31612674362674,0.8719227747680328,1
2022-01-02,58.59322751322752,FRIJOL  ROJO DE SEDA NACIONAL,FRIJOL,2022,1,3.3138095238095238,3.6371428571428575,3.7595238095238095,0.31,6.2,113.35,89863.0,91069.0,1013.4,1,1,52,0.49999999999999994,0.8660254037844387,6.432490598706546e-16,1.0,58.629629629629626,58.81777777777778,57.72698412698412,56.798809523809524,58.513042328042324,0.5345950919344706,57.89382275132275,0.7950606862114653,57.536651434984776,0.8381863786980734,0
2022-01-09,58.5568253968254,FRIJOL  ROJO DE SEDA NACIONAL,FRIJOL,2022,1,3.306666666666667,3.6266666666666674,3.7466666666666666,1.0110000000000001,38.0,113.35,89863.0,91069.0,1013.4,1,1,1,0.49999999999999994,0.8660254037844387,0.12053668025532305,0.992708874098054,58.59322751322752,58.629629629629626,58.87777777777778,57.073015873015876,58.72960317460318,0.13943158941573294,58.118125,0.6879027678143059,57.7178330928331,0.8091248730356496,0
2022-01-16,61.070793650793654,FRIJOL  ROJO DE SEDA NACIONAL,FRIJOL,2022,1,3.4266666666666667,3.7380952380952377,3.852380952380952,0.193,4.4,113.35,89863.0,91069.0,1013.4,1,1,2,0.49999999999999994,0.8660254037844387,0.23931566428755774,0.970941817426052,58.5568253968254,58.59322751322752,58.81777777777778,57.57103174603174,58.64936507936508,0.1161426481230625,58.303601190476186,0.552586791989254,57.8599494949495,0.7927168525942665,0
2022-01-23,63.1615873015873,FRIJOL  ROJO DE SEDA NACIONAL,FRIJOL,2022,1,3.4466666666666668,3.7566666666666664,3.8699999999999997,0.027,1.2,113.35,89863.0,91069.0,1013.4,1,1,3,0.49999999999999994,0.8660254037844387,0.3546048870425356,0.9350162426854148,61.070793650793654,58.5568253968254,58.629629629629626,57.65555555555555,59.21261904761905,1.2391395808742636,58.74107142857143,1.0506541898481352,58.2037037037037,1.1665077470814444,0
2022-01-30,63.911197691197685,FRIJOL  ROJO DE SEDA NACIONAL,FRIJOL,2022,1,3.6295238095238096,3.8938095238095234,4.0128571428571425,0.05,1.6,113.35,89863.0,91069.0,1013.4,1,1,4,0.49999999999999994,0.8660254037844387,0.4647231720437685,0.8854560256532099,63.1615873015873,61.070793650793654,58.59322751322752,57.72698412698412,60.34560846560847,2.215567213072475,59.42932539682539,1.7848644310661328,58.71108465608466,1.7883733897707452,0
2022-02-06,65.02777777777777,FRIJOL  ROJO DE SEDA NACIONAL,FRIJOL,2022,2,3.66,3.9166666666666665,4.036666666666666,0.262,4.2,115.93,89863.0,91069.0,1013.4,2,1,5,0.8660254037844386,0.5000000000000001,0.5680647467311558,0.8229838658936564,63.911197691197685,63.1615873015873,58.5568253968254,58.87777777777778,61.67510101010101,2.4012913225214603,60.202352092352086,2.2267477421142656,59.303783670033674,2.222814496338174,1
2022-02-13,66.91269841269842,FRIJOL  ROJO DE SEDA NACIONAL,FRIJOL,2022,2,3.837142857142857,4.062380952380953,4.199523809523809,0.9410000000000001,17.9,115.93,89863.0,91069.0,1013.4,2,1,6,0.8660254037844386,0.5000000000000001,0.6631226582407952,0.7485107481711011,65.02777777777777,63.911197691197685,61.070793650793654,58.81777777777778,63.292839105339105,1.6680420234397102,60.9711020923521,2.7127019208534153,59.966680495430495,2.643423130307059,1
2022-02-20,70.11333333333333,FRIJOL  ROJO DE SEDA NACIONAL,FRIJOL,2022,2,3.8666666666666667,4.086666666666667,4.226666666666667,0.055999999999999994,2.0,115.93,89863.0,91069.0,1013.4,2,1,7,0.8660254037844386,0.5000000000000001,0.7485107481711011,0.6631226582407953,66.91269841269842,65.02777777777777,63.1615873015873,58.629629629629626,64.7533152958153,1.6310554013788114,61.98296717171717,3.251066983080228,60.74515271765272,3.1923252891828264,1
2022-02-27,70.86428571428571,FRIJOL  ROJO DE SEDA NACIONAL,FRIJOL,2022,2,3.983809523809524,4.215238095238095,4.358095238095238,0.02,0.8,115.93,89863.0,91069.0,1013.4,2,1,8,0.8660254037844386,0.5000000000000001,0.8229838658936564,0.5680647467311559,70.11333333333333,66.91269841269842,63.911197691197685,58.59322751322752,66.4912518037518,2.7138857320292993,63.418430134680136,4.006416382429431,61.78330086580087,4.015702437878908,1
2022-03-06,71.99936507936509,FRIJOL  ROJO DE SEDA NACIONAL,FRIJOL,2022,3,4.003333333333334,4.236666666666666,4.38,0.125,4.0,117.73,89863.0,91069.0,1013.4,3,1,9,1.0,6.123233995736766e-17,0.8854560256532099,0.4647231720437686,70.86428571428571,70.11333333333333,65.02777777777777,58.5568253968254,68.22952380952381,2.7371466526479917,64.95231240981241,4.237509914161902,62.87807599807599,4.562821256587988,1
2022-03-13,71.13111111111111,FRIJOL  ROJO DE SEDA NACIONAL,FRIJOL,2022,3,4.220476190476191,4.416666666666666,4.574285714285714,789.672,74830.2,117.73,89863.0,91069.0,1013.4,3,1,10,1.0,6.123233995736766e-17,0.9350162426854148,0.35460488704253557,71.99936507936509,70.86428571428571,66.91269841269842,61.070793650793654,69.97242063492064,2.182176556131527,66.63262987012988,3.9976134838340913,63.971541606541614,5.061981647767109,1
2022-03-20,71.1125,FRIJOL  ROJO DE SEDA NACIONAL,FRIJOL,2022,3,4.206666666666667,4.306666666666667,4.466666666666667,515.003,42850.8,117.73,89863.0,91069.0,1013.4,3,1,11,1.0,6.123233995736766e-17,0.970941817426052,0.23931566428755804,71.13111111111111,71.99936507936509,70.11333333333333,63.1615873015873,71.02702380952381,0.7783734504961687,67.89016955266955,3.5560302481914685,64.99765271765271,5.169170374490217,1
2022-03-27,70.93541666666667,FRIJOL  ROJO DE SEDA NACIONAL,FRIJOL,2022,3,4.375238095238095,4.328095238095238,4.508333333333334,2.106,27.6,117.73,89863.0,91069.0,1013.4,3,1,12,1.0,6.123233995736766e-17,0.992708874098054,0.120536680255323,71.1125,71.13111111111111,70.86428571428571,63.911197691197685,71.27681547619048,0.49681923983968485,68.88403363997114,3.131390715610667,66.03789191518358,5.025191214321737,1
2022-04-03,70.44,FRIJOL  ROJO DE SEDA NACIONAL,FRIJOL,2022,4,4.366666666666667,4.306666666666667,4.488333333333333,10.987,40.0,117.52,89863.0,91069.0,1013.4,4,2,13,0.8660254037844387,-0.4999999999999998,1.0,-1.6081226496766366e-16,70.93541666666667,71.1125,71.99936507936509,65.02777777777777,71.29459821428571,0.47805003601961477,69.76206101190476,2.448056754669253,67.06640767797018,4.608752529772141,0
2022-04-10,69.94,FRIJOL  ROJO DE SEDA NACIONAL,FRIJOL,2022,4,4.172380952380952,4.172380952380953,4.338333333333333,8.922999999999998,52.2,117.52,89863.0,91069.0,1013.4,4,2,14,0.8660254037844387,-0.4999999999999998,0.992708874098054,-0.12053668025532288,70.44,70.93541666666667,71.13111111111111,66.91269841269842,70.90475694444444,0.32214511319989325,70.43858878968254,1.5276273842781927,68.05667222823473,3.8239347499312597,0
2022-04-17,69.71722222222222,FRIJOL  ROJO DE SEDA NACIONAL,FRIJOL,2022,4,4.14,4.15,4.3133333333333335,13.674,93.4,117.52,89863.0,91069.0,1013.4,4,2,15,0.8660254037844387,-0.4999999999999998,0.9709418174260521,-0.2393156642875575,69.94,70.44,71.1125,70.11333333333333,70.60697916666666,0.5279412073356319,70.81700148809524,0.6553773661579004,68.79577275733526,3.1483969309187225,0
2022-04-24,69.49444444444444,FRIJOL  ROJO DE SEDA NACIONAL,FRIJOL,2022,4,4.14,4.15,4.3133333333333335,16.976,61.4,117.52,89863.0,91069.0,1013.4,4,2,16,0.8660254037844387,-0.4999999999999998,0.9350162426854148,-0.35460488704253545,69.71722222222222,69.94,70.93541666666667,70.86428571428571,70.25815972222222,0.5433175385757201,70.76748759920635,0.7271656329867768,69.34207566738817,2.60349584061323,0
2022-05-01,70.05,FRIJOL  ROJO DE SEDA NACIONAL,FRIJOL,2022,5,4.14,4.15,4.3133333333333335,49.51,109.6,117.52,89863.0,91069.0,1013.4,5,2,17,0.49999999999999994,-0.8660254037844387,0.8854560256532099,-0.4647231720437685,69.49444444444444,69.71722222222222,70.44,71.99936507936509,69.89791666666666,0.4045844220023087,70.5962574404762,0.8517293219690174,69.80734623015873,1.9654089744648142,0
2022-05-08,73.99404761904762,FRIJOL  ROJO DE SEDA NACIONAL,FRIJOL,2022,5,4.14,4.15,4.3133333333333335,80.684,105.8,117.52,89863.0,91069.0,1013.4,5,2,18,0.49999999999999994,-0.8660254037844387,0.8229838658936565,-0.5680647467311557,70.05,69.49444444444444,69.94,71.13111111111111,69.80041666666666,0.2465195486371614,70.35258680555555,0.6472781455226667,70.22586474867724,1.265050127029933,0
2022-05-15,78.75555555555556,FRIJOL  ROJO DE SEDA NACIONAL,FRIJOL,2022,5,4.14,4.15,4.3133333333333335,8.085,49.6,117.52,89863.0,91069.0,1013.4,5,2,19,0.49999999999999994,-0.8660254037844387,0.7485107481711013,-0.663122658240795,73.99404761904762,70.05,69.71722222222222,71.1125,70.81392857142856,2.132334182457309,70.71045386904763,1.4423378376043752,70.81597718253967,1.2301961714363752,0
2022-05-22,79.61333333333333,FRIJOL  ROJO DE SEDA NACIONAL,FRIJOL,2022,5,4.14,4.15,4.3133333333333335,46.905,147.6,117.52,89863.0,91069.0,1013.4,5,2,20,0.49999999999999994,-0.8660254037844387,0.6631226582407952,-0.7485107481711012,78.75555555555556,73.99404761904762,69.49444444444444,70.93541666666667,73.0735119047619,4.285026416664626,71.66583581349207,3.2031759204436985,71.53616236772487,2.5755212142098607,0
2022-05-29,82.42,FRIJOL  ROJO DE SEDA NACIONAL,FRIJOL,2022,5,4.14,4.15,4.3133333333333335,70.585,159.4,117.52,89863.0,91069.0,1013.4,5,2,21,0.49999999999999994,-0.8660254037844387,0.5680647467311558,-0.8229838658936564,79.61333333333333,78.75555555555556,70.05,70.44,75.60323412698413,4.451438588449807,72.7505753968254,4.226418220631556,72.26524966931217,3.4559153217674496,0
2022-06-05,85.51333333333334,FRIJOL  ROJO DE SEDA NACIONAL,FRIJOL,2022,6,4.14,4.15,4.3133333333333335,39.553,61.8,117.61,89863.0,91069.0,1013.4,6,2,22,1.2246467991473532e-16,-1.0,0.46472317204376906,-0.8854560256532096,82.42,79.61333333333333,73.99404761904762,69.94,78.69573412698412,3.503406876105642,74.2480753968254,5.281466791957763,73.13363591269841,4.526447347378627,0
2022-06-12,86.55,FRIJOL  ROJO DE SEDA NACIONAL,FRIJOL,2022,6,4.14,4.15,4.3133333333333335,83.364,232.2,117.61,89863.0,91069.0,1013.4,6,2,23,1.2246467991473532e-16,-1.0,0.35460488704253584,-0.9350162426854147,85.51333333333334,82.42,78.75555555555556,69.71722222222222,81.57555555555555,3.056244770754757,76.19474206349206,6.248287470342826,74.33215443121694,5.699963512237462,0
2022-06-19,90.38333333333333,FRIJOL  ROJO DE SEDA NACIONAL,FRIJOL,2022,6,4.14,4.15,4.3133333333333335,105.101,174.0,117.61,89863.0,91069.0,1013.4,6,2,24,1.2246467991473532e-16,-1.0,0.23931566428755768,-0.970941817426052,86.55,85.51333333333334,79.61333333333333,69.49444444444444,83.52416666666667,3.1425177155575406,78.29883928571428,6.580740045849834,75.61861276455026,6.581208093120948,0
2022-06-26,90.93333333333334,FRIJOL  ROJO DE SEDA NACIONAL,FRIJOL,2022,6,4.14,4.15,4.3133333333333335,86.691,109.4,117.61,89863.0,91069.0,1013.4,6,2,25,1.2246467991473532e-16,-1.0,0.12053668025532308,-0.992708874098054,90.38333333333333,86.55,82.42,70.05,86.21666666666667,3.2854009282368684,80.9099503968254,6.730712070658742,77.23927248677249,7.633547323699637,0
2022-07-03,86.08857142857143,FRIJOL  ROJO DE SEDA NACIONAL,FRIJOL,2022,7,4.14,4.15,4.3133333333333335,54.334,101.6,117.67,89863.0,91069.0,1013.4,7,3,26,-0.4999999999999997,-0.8660254037844388,-3.216245299353273e-16,-1.0,90.93333333333334,90.38333333333333,85.51333333333334,73.99404761904762,88.345,2.713830830722188,83.52036706349206,5.917683865551503,78.94705026455027,8.242244999973403,0
2022-07-10,85.73214285714286,FRIJOL  ROJO DE SEDA NACIONAL,FRIJOL,2022,7,4.14,4.15,4.3133333333333335,39.684,87.6,117.67,89863.0,91069.0,1013.4,7,3,27,-0.4999999999999997,-0.8660254037844388,-0.12053668025532283,-0.992708874098054,86.08857142857143,90.93333333333334,86.55,78.75555555555556,88.48880952380952,2.522237261085858,85.03218253968254,4.514945017211172,80.29276455026455,7.95112133794618,0
2022-07-17,87.34404761904761,FRIJOL  ROJO DE SEDA NACIONAL,FRIJOL,2022,7,4.14,4.15,4.3133333333333335,53.93300000000001,1188.8,117.67,89863.0,91069.0,1013.4,7,3,28,-0.4999999999999997,-0.8660254037844388,-0.23931566428755743,-0.9709418174260521,85.73214285714286,86.08857142857143,90.38333333333333,79.61333333333333,88.28434523809524,2.7542723520980767,85.90425595238095,3.73598144324973,81.62734126984127,7.334818808111346,0
2022-07-24,87.1547619047619,FRIJOL  ROJO DE SEDA NACIONAL,FRIJOL,2022,7,4.14,4.15,4.3133333333333335,48.858000000000004,73.2,117.67,89863.0,91069.0,1013.4,7,3,29,-0.4999999999999997,-0.8660254037844388,-0.3546048870425356,-0.9350162426854148,87.34404761904761,85.73214285714286,90.93333333333334,82.42,87.5245238095238,2.3753696374645688,86.87059523809523,2.744597319769035,83.1148082010582,6.40112268615882,0
2022-07-31,88.71785714285714,FRIJOL  ROJO DE SEDA NACIONAL,FRIJOL,2022,7,4.14,4.15,4.3133333333333335,66.57,78.8,117.67,89863.0,91069.0,1013.4,7,3,30,-0.4999999999999997,-0.8660254037844388,-0.46472317204376806,-0.8854560256532101,87.1547619047619,87.34404761904761,86.08857142857143,85.51333333333334,86.57988095238096,0.7904605683102528,87.46244047619048,2.0770998864496444,84.54020502645503,4.9723693579917105,0
2022-08-07,86.85249999999999,FRIJOL  ROJO DE SEDA NACIONAL,FRIJOL,2022,8,4.14,4.15,4.3133333333333335,80.179,98.4,117.86,89863.0,91069.0,1013.4,8,3,31,-0.8660254037844385,-0.5000000000000004,-0.5680647467311556,-0.8229838658936566,88.71785714285714,87.1547619047619,85.73214285714286,86.55,87.23720238095237,1.2214410930236719,87.86300595238095,1.9527942732295118,85.76718915343916,3.815452885362808,0
2022-08-14,84.98714285714286,FRIJOL  ROJO DE SEDA NACIONAL,FRIJOL,2022,8,4.14,4.15,4.3133333333333335,103.039,88.6,117.86,89863.0,91069.0,1013.4,8,3,32,-0.8660254037844385,-0.5000000000000004,-0.663122658240795,-0.7485107481711013,86.85249999999999,88.71785714285714,87.34404761904761,90.38333333333333,87.51729166666667,0.8255799478737295,87.90081845238096,1.926489690101268,86.44193452380954,3.1142780583119367,0
2022-08-21,84.18333333333334,FRIJOL  ROJO DE SEDA NACIONAL,FRIJOL,2022,8,4.14,4.15,4.3133333333333335,55.839,63.2,117.86,89863.0,91069.0,1013.4,8,3,33,-0.8660254037844385,-0.5000000000000004,-0.7485107481711011,-0.6631226582407952,84.98714285714286,86.85249999999999,87.1547619047619,90.93333333333334,86.92806547619048,1.5305376217874676,87.22629464285714,1.8771674735274348,86.88975198412697,2.330940990457845,0
2022-08-28,84.38571428571429,FRIJOL  ROJO DE SEDA NACIONAL,FRIJOL,2022,8,4.14,4.15,4.3133333333333335,91.795,978.8,117.86,89863.0,91069.0,1013.4,8,3,34,-0.8660254037844385,-0.5000000000000004,-0.8229838658936564,-0.5680647467311559,84.18333333333334,84.98714285714286,88.71785714285714,86.08857142857143,86.18520833333332,2.02504753538043,86.38254464285714,1.4386734586445242,87.03669642857142,2.0638237237023334,0
2022-09-04,86.53333333333333,FRIJOL  ROJO DE SEDA NACIONAL,FRIJOL,2022,9,4.14,4.15,4.3133333333333335,84.33800000000001,284.6,117.97,89863.0,91069.0,1013.4,9,3,35,-1.0,-1.8369701987210297e-16,-0.8854560256532096,-0.4647231720437691,84.38571428571429,84.18333333333334,86.85249999999999,85.73214285714286,85.10217261904761,1.2157927404251545,86.1696875,1.60476590026729,86.94272817460318,2.1627878220744745,0
2022-09-11,85.02000000000001,FRIJOL  ROJO DE SEDA NACIONAL,FRIJOL,2022,9,4.14,4.15,4.3133333333333335,83.703,88.4,117.97,89863.0,91069.0,1013.4,9,3,36,-1.0,-1.8369701987210297e-16,-0.9350162426854147,-0.3546048870425359,86.53333333333333,84.38571428571429,84.98714285714286,87.34404761904761,85.02238095238096,1.0635732496850627,86.26983630952381,1.5985471022972344,86.94133928571428,2.1630682829812335,0
2022-09-18,85.0,FRIJOL  ROJO DE SEDA NACIONAL,FRIJOL,2022,9,4.14,4.15,4.3133333333333335,89.37,136.2,117.97,89863.0,91069.0,1013.4,9,3,37,-1.0,-1.8369701987210297e-16,-0.970941817426052,-0.23931566428755774,85.02000000000001,86.53333333333333,84.18333333333334,87.1547619047619,85.03059523809524,1.0633372340507319,85.97933035714286,1.586572273982291,86.49439484126985,1.9286033089254475,0
2022-09-25,85.0,FRIJOL  ROJO DE SEDA NACIONAL,FRIJOL,2022,9,4.14,4.130000000000001,4.276190476190476,101.237,128.4,117.97,89863.0,91069.0,1013.4,9,3,38,-1.0,-1.8369701987210297e-16,-0.992708874098054,-0.12053668025532357,85.0,85.02000000000001,84.38571428571429,88.71785714285714,85.23476190476191,0.9144042581882166,85.70998511904762,1.5407583861292031,85.9999503968254,1.3654821078940618,0
2022-10-02,89.0,FRIJOL  ROJO DE SEDA NACIONAL,FRIJOL,2022,10,4.14,4.140000000000001,4.294761904761905,59.042,101.4,120.26,89863.0,91069.0,1013.4,10,4,39,-0.8660254037844386,0.5000000000000001,-1.0,-1.8369701987210297e-16,85.0,85.0,86.53333333333333,86.85249999999999,85.38833333333334,0.7633915552762699,85.24525297619047,0.952180345448485,85.90923611111111,1.3949015405468115,0
2022-10-09,91.8,FRIJOL  ROJO DE SEDA NACIONAL,FRIJOL,2022,10,4.14,4.15,4.3133333333333335,83.771,269.2,120.26,89863.0,91069.0,1013.4,10,4,40,-0.8660254037844386,0.5000000000000001,-0.992708874098054,0.1205366802553232,89.0,85.0,85.02000000000001,84.98714285714286,86.00500000000001,1.996688925863805,85.51369047619048,1.5713935834075365,86.18155753968254,1.652403353156934,0
2022-10-16,97.0,FRIJOL  ROJO DE SEDA NACIONAL,FRIJOL,2022,10,4.14,4.15,4.3133333333333335,110.181,128.2,120.26,89863.0,91069.0,1013.4,10,4,41,-0.8660254037844386,0.5000000000000001,-0.9709418174260521,0.23931566428755738,91.8,89.0,85.0,84.18333333333334,87.69999999999999,3.3206425081100295,86.36529761904762,2.6918793696627556,86.5528869047619,2.3080036982718175,0
2022-10-23,99.2,FRIJOL  ROJO DE SEDA NACIONAL,FRIJOL,2022,10,4.14,4.15,4.3133333333333335,43.091,128.4,120.26,89863.0,91069.0,1013.4,10,4,42,-0.8660254037844386,0.5000000000000001,-0.9350162426854148,0.35460488704253557,97.0,91.8,85.0,84.38571428571429,90.69999999999999,5.0424861592935954,87.96738095238095,4.4485320262091195,87.37332341269841,3.8054771237115417,0
2022-10-30,100.0,FRIJOL  ROJO DE SEDA NACIONAL,FRIJOL,2022,10,4.14,4.15,4.3133333333333335,22.781000000000002,1456.4,120.26,89863.0,91069.0,1013.4,10,4,43,-0.8660254037844386,0.5000000000000001,-0.8854560256532101,0.464723172043768,99.2,97.0,89.0,86.53333333333333,94.25,4.677249904235151,89.81916666666667,5.662364122901054,88.24683531746031,5.118633065983491,0
2022-11-06,103.75,FRIJOL  ROJO DE SEDA NACIONAL,FRIJOL,2022,11,4.14,4.15,4.3133333333333335,36.47,82.2,122.51,89863.0,91069.0,1013.4,11,4,44,-0.5000000000000004,0.8660254037844384,-0.822983865893657,0.5680647467311548,100.0,99.2,91.8,85.02000000000001,97.0,3.6914315199754086,91.5025,6.487574387131984,89.34246031746032,6.105083042364684,1
2022-11-13,104.06666666666665,FRIJOL  ROJO DE SEDA NACIONAL,FRIJOL,2022,11,4.14,4.15,4.3133333333333335,15.716,92.4,122.51,89863.0,91069.0,1013.4,11,4,45,-0.5000000000000004,0.8660254037844384,-0.7485107481711011,0.6631226582407952,103.75,100.0,97.0,85.0,99.98750000000001,2.810805044822839,93.84375,7.158882469651613,90.90603174603176,7.193834296071811,1
2022-11-20,93.64333333333335,FRIJOL  ROJO DE SEDA NACIONAL,FRIJOL,2022,11,4.14,4.15,4.3133333333333335,4.054,27.0,122.51,89863.0,91069.0,1013.4,11,4,46,-0.5000000000000004,0.8660254037844384,-0.6631226582407955,0.7485107481711007,104.06666666666665,103.75,99.2,85.0,101.75416666666666,2.512095738621766,96.22708333333333,6.965230755985497,92.56297619047619,7.7713098786800066,1
2022-11-27,91.33833333333334,FRIJOL  ROJO DE SEDA NACIONAL,FRIJOL,2022,11,4.14,4.15,4.3133333333333335,36.101,1402.8,122.51,89863.0,91069.0,1013.4,11,4,47,-0.5000000000000004,0.8660254037844384,-0.5680647467311559,0.8229838658936564,93.64333333333335,104.06666666666665,100.0,89.0,100.365,4.846806126680856,97.3075,5.488833325019128,93.33444444444444,7.332886258181185,1
2022-12-04,91.67333333333333,FRIJOL  ROJO DE SEDA NACIONAL,FRIJOL,2022,12,4.14,4.15,4.3133333333333335,12.138,82.0,119.27,89863.0,91069.0,1013.4,12,4,48,-2.4492935982947064e-16,1.0,-0.4647231720437684,0.88545602565321,91.33833333333334,93.64333333333335,103.75,91.8,98.19958333333332,6.659978919858845,97.59979166666666,5.025988999847347,93.7348611111111,7.053617864540001,1
2022-12-11,90.84666666666666,FRIJOL  ROJO DE SEDA NACIONAL,FRIJOL,2022,12,4.14,4.15,4.3133333333333335,0.131,8.4,119.27,89863.0,91069.0,1013.4,12,4,49,-2.4492935982947064e-16,1.0,-0.35460488704253595,0.9350162426854147,91.67333333333333,91.33833333333334,104.06666666666665,97.0,95.18041666666666,6.010804219163354,97.58395833333334,5.047025678988002,94.28930555555554,6.549815845137979,1
2022-12-18,88.10833333333332,FRIJOL  ROJO DE SEDA NACIONAL,FRIJOL,2022,12,4.14,4.001428571428571,4.101904761904762,1.255,18.6,119.27,89863.0,91069.0,1013.4,12,4,50,-2.4492935982947064e-16,1.0,-0.2393156642875578,0.970941817426052,90.84666666666666,91.67333333333333,93.64333333333335,99.2,91.87541666666667,1.226533337410106,96.81479166666666,5.588565241484852,94.77652777777776,5.989482467749881,1
2022-12-25,87.52103174603175,FRIJOL  ROJO DE SEDA NACIONAL,FRIJOL,2022,12,4.14,3.9766666666666666,4.066666666666666,5.291,396.0,119.27,89863.0,91069.0,1013.4,12,4,51,-2.4492935982947064e-16,1.0,-0.12053668025532363,0.992708874098054,88.10833333333332,90.84666666666666,91.33833333333334,100.0,90.49166666666666,1.6247546823376804,95.42833333333333,6.249108444346747,95.03555555555555,5.581561199241408,1
2023-01-01,88.08194444444445,FRIJOL  ROJO DE SEDA NACIONAL,FRIJOL,2023,1,3.9359523809523806,3.7888095238095234,3.85952380952381,0.748,7.2,119.1,98372.0,97001.64,986.1,1,1,52,0.49999999999999994,0.8660254037844387,6.432490598706546e-16,1.0,87.52103174603175,88.10833333333332,91.67333333333333,103.75,89.53734126984128,2.0317777821800633,93.8684623015873,6.497463193326511,94.9123082010582,5.741000371527472,0
2023-01-08,88.64285714285714,FRIJOL  ROJO DE SEDA NACIONAL,FRIJOL,2023,1,4.011666666666667,3.7816666666666663,3.8483333333333336,0.407,12.6,119.1,98372.0,97001.64,986.1,1,1,1,0.49999999999999994,0.8660254037844387,0.12053668025532305,0.992708874098054,88.08194444444445,87.52103174603175,90.84666666666666,104.06666666666665,88.63949404761905,1.4961686797446665,91.90995535714285,5.35419997565083,94.60247023809524,6.017892638354967,0
2023-01-15,92.60603174603175,FRIJOL  ROJO DE SEDA NACIONAL,FRIJOL,2023,1,4.468095238095238,3.9652380952380955,4.078571428571428,1.184,14.0,119.1,98372.0,97001.64,986.1,1,1,2,0.49999999999999994,0.8660254037844387,0.23931566428755774,0.970941817426052,88.64285714285714,88.08194444444445,88.10833333333332,93.64333333333335,88.08854166666666,0.45817332621841883,89.98197916666668,2.1981734302161464,93.90604166666667,6.19614275980648,0
2023-01-22,97.425,FRIJOL  ROJO DE SEDA NACIONAL,FRIJOL,2023,1,4.493333333333333,3.98,4.1066666666666665,0.037000000000000005,1.2,119.1,98372.0,97001.64,986.1,1,1,3,0.49999999999999994,0.8660254037844387,0.3546048870425356,0.9350162426854148,92.60603174603175,88.64285714285714,87.52103174603175,91.33833333333334,89.21296626984127,2.307940679824739,89.85231646825397,1.970112516285933,93.3565443121693,5.972320235480351,0
2023-01-29,102.4113308913309,FRIJOL  ROJO DE SEDA NACIONAL,FRIJOL,2023,1,4.633333333333333,4.177142857142857,4.349523809523809,0.025,0.8,119.1,98372.0,97001.64,986.1,1,1,4,0.49999999999999994,0.8660254037844387,0.4647231720437685,0.8854560256532099,97.425,92.60603174603175,88.08194444444445,91.67333333333333,91.68895833333333,4.321746533647176,90.6131498015873,3.331146395281387,93.14196097883598,5.754199850154882,0
2023-02-05,104.18349206349208,FRIJOL  ROJO DE SEDA NACIONAL,FRIJOL,2023,2,4.656666666666666,4.21,4.39,0.008,0.4,120.58,98372.0,97001.64,986.1,2,1,5,0.8660254037844386,0.5000000000000001,0.5680647467311558,0.8229838658936564,102.4113308913309,97.425,88.64285714285714,90.84666666666666,95.27130494505494,5.962616159457874,91.955399496337,5.363045085297362,93.03040521978022,5.538791840057249,1
2023-02-12,105.10158730158727,FRIJOL  ROJO DE SEDA NACIONAL,FRIJOL,2023,2,4.6223809523809525,4.301428571428572,4.51,0.137,4.8,120.58,98372.0,97001.64,986.1,2,1,6,0.8660254037844386,0.5000000000000001,0.6631226582407952,0.7485107481711011,104.18349206349208,102.4113308913309,92.60603174603175,88.10833333333332,99.15646367521369,5.220833264545276,93.62250267094018,6.838952128314822,93.04014066951567,5.560015595088501,1
2023-02-19,106.08920634920636,FRIJOL  ROJO DE SEDA NACIONAL,FRIJOL,2023,2,4.616666666666667,4.316666666666666,4.53,0.012,0.4,120.58,98372.0,97001.64,986.1,2,1,7,0.8660254037844386,0.5000000000000001,0.7485107481711011,0.6631226582407953,105.10158730158727,104.18349206349208,97.425,87.52103174603175,102.28035256410257,3.424076967693844,95.74665941697192,7.489667634374027,93.99499516687017,6.565925786202527,1
2023-02-26,103.73158730158727,FRIJOL  ROJO DE SEDA NACIONAL,FRIJOL,2023,2,4.3966666666666665,4.302380952380952,4.512857142857143,0.047,1.2,120.58,98372.0,97001.64,986.1,2,1,8,0.8660254037844386,0.5000000000000001,0.8229838658936564,0.5680647467311559,106.08920634920636,105.10158730158727,102.4113308913309,88.08194444444445,104.44640415140415,1.564044965384142,98.06768124236874,7.453436761143098,95.22423458485957,7.356536568950833,1
2023-03-05,102.12968253968253,FRIJOL  ROJO DE SEDA NACIONAL,FRIJOL,2023,3,4.359999999999999,4.3,4.510000000000001,1.17,95.0,119.52,98372.0,97001.64,986.1,3,1,9,1.0,6.123233995736766e-17,0.8854560256532099,0.4647231720437686,103.73158730158727,106.08920634920636,104.18349206349208,88.64285714285714,104.77646825396826,1.0444106262930934,100.0238865995116,6.443457524854531,96.22908908221406,7.645285493283374,1
2023-03-12,99.84825396825397,FRIJOL  ROJO DE SEDA NACIONAL,FRIJOL,2023,3,4.185714285714285,4.217142857142858,4.432857142857143,3.166,20.0,119.52,98372.0,97001.64,986.1,3,1,10,1.0,6.123233995736766e-17,0.9350162426854148,0.35460488704253557,102.12968253968253,103.73158730158727,105.10158730158727,92.60603174603175,104.26301587301586,1.719660929155728,101.70973977411477,4.516584546504722,97.1693404049654,7.616918695208632,1
2023-03-19,99.3967032967033,FRIJOL  ROJO DE SEDA NACIONAL,FRIJOL,2023,3,4.156666666666666,4.203333333333334,4.420000000000001,12.282,64.2,119.52,98372.0,97001.64,986.1,3,1,11,1.0,6.123233995736766e-17,0.970941817426052,0.23931566428755804,99.84825396825397,102.12968253968253,106.08920634920636,97.425,102.94968253968253,2.630541388569823,102.61501755189255,2.8492645282951754,98.14766712454212,7.082508577077622,1
2023-03-26,97.1815873015873,FRIJOL  ROJO DE SEDA NACIONAL,FRIJOL,2023,3,4.133809523809524,4.234761904761904,4.451428571428572,0.288,4.8,119.52,98372.0,97001.64,986.1,3,1,12,1.0,6.123233995736766e-17,0.992708874098054,0.120536680255323,99.3967032967033,99.84825396825397,103.73158730158727,102.4113308913309,101.27655677655676,2.0272227689188846,102.86148046398047,2.3833790893642233,99.13730642043141,6.2425467257005325,1
2023-04-02,97.14285714285714,FRIJOL  ROJO DE SEDA NACIONAL,FRIJOL,2023,4,4.13,4.239999999999999,4.456666666666667,0.47700000000000004,13.6,118.79,98372.0,97001.64,986.1,4,2,13,0.8660254037844387,-0.4999999999999998,1.0,-1.6081226496766366e-16,97.1815873015873,99.3967032967033,102.12968253968253,104.18349206349208,99.63905677655677,2.028535726952579,102.2077625152625,3.126002596470152,99.89560999186,5.2515521776684535,0
2023-04-09,96.98809523809524,FRIJOL  ROJO DE SEDA NACIONAL,FRIJOL,2023,4,4.032857142857143,4.282857142857143,4.473809523809524,2.64,41.0,118.79,98372.0,97001.64,986.1,4,2,14,0.8660254037844387,-0.4999999999999998,0.992708874098054,-0.12053668025532288,97.14285714285714,97.1815873015873,99.84825396825397,105.10158730158727,98.39235042735042,1.4324292444770617,101.32768315018315,3.463208407262445,100.60394332519331,4.026042171753744,0
2023-04-16,96.83333333333333,FRIJOL  ROJO DE SEDA NACIONAL,FRIJOL,2023,4,4.016666666666667,4.29,4.476666666666667,6.841,77.6,118.79,98372.0,97001.64,986.1,4,2,15,0.8660254037844387,-0.4999999999999998,0.9709418174260521,-0.2393156642875575,96.98809523809524,97.14285714285714,99.3967032967033,106.08920634920636,97.67731074481074,1.1493057537789146,100.31349664224663,3.387324351263616,100.96911528286527,3.3818597937845345,0
2023-04-23,99.26666666666667,FRIJOL  ROJO DE SEDA NACIONAL,FRIJOL,2023,4,3.9852380952380955,4.39,4.656666666666666,22.759,114.0,118.79,98372.0,97001.64,986.1,4,2,16,0.8660254037844387,-0.4999999999999998,0.9350162426854148,-0.35460488704253545,96.83333333333333,96.98809523809524,97.1815873015873,103.73158730158727,97.03646825396825,0.15914550816934597,99.15651251526252,2.62845907333928,100.91980972730973,3.4420065376187385,0
2023-04-30,107.25,FRIJOL  ROJO DE SEDA NACIONAL,FRIJOL,2023,4,3.98,4.406666666666666,4.6866666666666665,10.62,62.0,118.79,98372.0,97001.64,986.1,4,2,17,0.8660254037844387,-0.4999999999999998,0.8854560256532099,-0.4647231720437685,99.26666666666667,96.83333333333333,97.14285714285714,102.12968253968253,97.5577380952381,1.1462719733498867,98.59839743589744,1.887949182262032,100.65775437525438,3.4378332177120794,0
2023-05-07,105.0,FRIJOL  ROJO DE SEDA NACIONAL,FRIJOL,2023,5,3.8685714285714288,4.360952380952381,4.720952380952381,10.253,53.6,117.81,98372.0,97001.64,986.1,5,2,18,0.49999999999999994,-0.8660254037844387,0.8229838658936565,-0.5680647467311557,107.25,99.26666666666667,96.98809523809524,99.84825396825397,100.08452380952382,4.9047952302768625,99.23843711843712,3.4652048153195016,100.9132967032967,3.8168159399558665,0
2023-05-14,105.0,FRIJOL  ROJO DE SEDA NACIONAL,FRIJOL,2023,5,3.85,4.353333333333333,4.726666666666667,21.201,98.0,117.81,98372.0,97001.64,986.1,5,2,19,0.49999999999999994,-0.8660254037844387,0.7485107481711013,-0.663122658240795,105.0,107.25,96.83333333333333,99.3967032967033,102.0875,4.85446291418394,99.88240537240537,4.027755139311032,100.9048310948311,3.80678137509831,0
2023-05-21,103.99999999999997,FRIJOL  ROJO DE SEDA NACIONAL,FRIJOL,2023,5,3.6900000000000004,4.17047619047619,4.4780952380952375,6.533,41.4,117.81,98372.0,97001.64,986.1,5,2,20,0.49999999999999994,-0.8660254037844387,0.6631226582407952,-0.7485107481711012,105.0,105.0,99.26666666666667,97.1815873015873,104.12916666666666,3.410777444774136,100.58281746031746,4.401118879795093,100.8140638990639,3.682899378991103,0
2023-05-28,105.0,FRIJOL  ROJO DE SEDA NACIONAL,FRIJOL,2023,5,3.6633333333333336,4.14,4.4366666666666665,38.768,82.8,117.81,98372.0,97001.64,986.1,5,2,21,0.49999999999999994,-0.8660254037844387,0.5680647467311558,-0.8229838658936564,103.99999999999997,105.0,107.25,97.14285714285714,105.31249999999999,1.3750000000008473,101.43511904761905,4.307574022409202,100.83643162393163,3.7029898048995573,0
2023-06-04,105.33333333333333,FRIJOL  ROJO DE SEDA NACIONAL,FRIJOL,2023,6,3.6176190476190477,4.137142857142857,4.359523809523809,49.629999999999995,147.8,118.68,98372.0,97001.64,986.1,6,2,22,1.2246467991473532e-16,-1.0,0.46472317204376906,-0.8854560256532096,105.0,103.99999999999997,105.0,96.98809523809524,104.74999999999999,0.500000000002269,102.4172619047619,4.07876705671537,101.07562474562475,3.882474749020659,0
2023-06-11,106.58333333333333,FRIJOL  ROJO DE SEDA NACIONAL,FRIJOL,2023,6,3.61,4.136666666666667,4.346666666666667,27.869,96.8,118.68,98372.0,97001.64,986.1,6,2,23,1.2246467991473532e-16,-1.0,0.35460488704253584,-0.9350162426854147,105.33333333333333,105.0,105.0,96.83333333333333,104.83333333333331,0.5773502691915979,103.46041666666666,3.520889334578386,101.53271469271469,4.044347129024647,0
2023-06-18,111.80000000000003,FRIJOL  ROJO DE SEDA NACIONAL,FRIJOL,2023,6,3.6014285714285714,4.1709523809523805,4.383809523809523,68.989,87.2,118.68,98372.0,97001.64,986.1,6,2,24,1.2246467991473532e-16,-1.0,0.23931566428755768,-0.970941817426052,106.58333333333333,105.33333333333333,103.99999999999997,99.26666666666667,105.22916666666666,1.0658308357205168,104.67916666666666,2.412118051021135,102.13160052910052,4.2272537155220045,0
2023-06-25,113.3333333333333,FRIJOL  ROJO DE SEDA NACIONAL,FRIJOL,2023,6,3.6,4.176666666666667,4.39,55.077,183.4,118.68,98372.0,97001.64,986.1,6,2,25,1.2246467991473532e-16,-1.0,0.12053668025532308,-0.992708874098054,111.80000000000003,106.58333333333333,105.0,107.25,107.17916666666667,3.15504813017271,106.24583333333334,2.464135606193927,103.34980158730157,4.745654139097342,0
2023-07-02,113.16666666666666,FRIJOL  ROJO DE SEDA NACIONAL,FRIJOL,2023,7,3.625714285714286,4.153809523809524,4.415714285714286,69.562,134.8,118.48,98372.0,97001.64,986.1,7,3,26,-0.4999999999999997,-0.8660254037844388,-3.216245299353273e-16,-1.0,113.3333333333333,111.80000000000003,105.33333333333333,105.0,109.2625,3.899866450705208,107.00625,3.527487723983666,104.69900793650794,5.108228823111951,0
2023-07-09,113.875,FRIJOL  ROJO DE SEDA NACIONAL,FRIJOL,2023,7,3.6300000000000003,4.1499999999999995,4.420000000000001,59.797,82.6,118.48,98372.0,97001.64,986.1,7,3,27,-0.4999999999999997,-0.8660254037844388,-0.12053668025532283,-0.992708874098054,113.16666666666666,113.3333333333333,106.58333333333333,105.0,111.22083333333333,3.1670577243922353,108.02708333333332,4.012321671851715,106.04722222222222,5.0223582599795416,0
2023-07-16,113.875,FRIJOL  ROJO DE SEDA NACIONAL,FRIJOL,2023,7,3.670000000000001,4.121428571428572,4.420000000000001,36.95399999999999,55.2,118.48,98372.0,97001.64,986.1,7,3,28,-0.4999999999999997,-0.8660254037844388,-0.23931566428755743,-0.9709418174260521,113.875,113.16666666666666,111.80000000000003,103.99999999999997,113.04374999999999,0.8825828835295783,109.13645833333332,4.274179438328474,107.46736111111109,4.569083161702632,0
2023-07-23,113.0,FRIJOL  ROJO DE SEDA NACIONAL,FRIJOL,2023,7,3.676666666666667,4.116666666666667,4.420000000000001,14.284,51.4,118.48,98372.0,97001.64,986.1,7,3,29,-0.4999999999999997,-0.8660254037844388,-0.3546048870425356,-0.9350162426854148,113.875,113.875,113.3333333333333,105.0,113.56249999999999,0.3672028907377177,110.37083333333332,3.995736815458536,108.6847222222222,4.108356895460008,0
2023-07-30,111.3,FRIJOL  ROJO DE SEDA NACIONAL,FRIJOL,2023,7,3.7652380952380953,4.2195238095238095,4.522857142857143,56.133,110.0,118.48,98372.0,97001.64,986.1,7,3,30,-0.4999999999999997,-0.8660254037844388,-0.46472317204376806,-0.8854560256532101,113.0,113.875,113.16666666666666,105.33333333333333,113.47916666666666,0.462105687770478,111.37083333333332,3.419023577312706,109.16388888888888,4.258387939716189,0
2023-08-06,110.0,FRIJOL  ROJO DE SEDA NACIONAL,FRIJOL,2023,8,3.78,4.236666666666666,4.54,66.96600000000001,154.0,119.73,98372.0,97001.64,986.1,8,3,31,-0.8660254037844385,-0.5000000000000004,-0.5680647467311556,-0.8229838658936566,111.3,113.0,113.875,106.58333333333333,113.0125,1.2138952453444163,112.11666666666667,2.4181317398167113,109.68888888888887,4.083114300454356,0
2023-08-13,104.8,FRIJOL  ROJO DE SEDA NACIONAL,FRIJOL,2023,8,4.017142857142857,4.462380952380952,4.751428571428571,26.945999999999998,93.4,119.73,98372.0,97001.64,986.1,8,3,32,-0.8660254037844385,-0.5000000000000004,-0.663122658240795,-0.7485107481711013,110.0,111.3,113.875,111.80000000000003,112.04375,1.7318553394177247,112.54374999999999,1.3802083894870882,110.10555555555554,3.806905496762686,0
2023-08-20,107.04777777777778,FRIJOL  ROJO DE SEDA NACIONAL,FRIJOL,2023,8,4.056666666666667,4.5,4.786666666666666,60.285,148.8,119.73,98372.0,97001.64,986.1,8,3,33,-0.8660254037844385,-0.5000000000000004,-0.7485107481711011,-0.6631226582407952,104.8,110.0,113.0,113.3333333333333,109.775,3.536830030785966,111.66875,3.0850405505293836,110.17222222222222,3.6956436498307634,0
2023-08-27,106.39777777777779,FRIJOL  ROJO DE SEDA NACIONAL,FRIJOL,2023,8,4.290952380952381,4.668571428571428,4.926666666666667,70.525,123.2,119.73,98372.0,97001.64,986.1,8,3,34,-0.8660254037844385,-0.5000000000000004,-0.8229838658936564,-0.5680647467311559,107.04777777777778,104.8,111.3,113.16666666666666,108.28694444444444,2.927306993564312,110.88305555555556,3.3862399483279915,110.34287037037036,3.4758442105565277,0
2023-09-03,105.62,FRIJOL  ROJO DE SEDA NACIONAL,FRIJOL,2023,9,4.329999999999999,4.696666666666666,4.95,71.575,532.4,120.39,98372.0,97001.64,986.1,9,3,35,-1.0,-1.8369701987210297e-16,-0.8854560256532096,-0.4647231720437691,106.39777777777779,107.04777777777778,110.0,113.875,107.0613888888889,2.1748471163340097,110.03694444444444,3.5745519569758395,110.43157407407408,3.3475947513337045,0
2023-09-10,105.0895238095238,FRIJOL  ROJO DE SEDA NACIONAL,FRIJOL,2023,9,4.432857142857143,4.69952380952381,4.907142857142857,59.03,57.2,120.39,98372.0,97001.64,986.1,9,3,36,-1.0,-1.8369701987210297e-16,-0.9350162426854147,-0.3546048870425359,105.62,106.39777777777779,104.8,113.875,105.9663888888889,0.9722733848983949,109.00506944444444,3.499031529368767,110.3512962962963,3.457997986526994,0
2023-09-17,103.57416666666666,FRIJOL  ROJO DE SEDA NACIONAL,FRIJOL,2023,9,4.45,4.7,4.8999999999999995,102.444,104.2,120.39,98372.0,97001.64,986.1,9,3,37,-1.0,-1.8369701987210297e-16,-0.970941817426052,-0.23931566428755774,105.0895238095238,105.62,107.04777777777778,113.0,106.03876984126984,0.8608948683708041,107.90688492063492,3.1091972211753647,109.79208994708993,3.7339987974457687,0
2023-09-24,103.55833333333332,FRIJOL  ROJO DE SEDA NACIONAL,FRIJOL,2023,9,4.5528571428571425,4.662857142857143,4.845714285714286,95.62,85.0,120.39,98372.0,97001.64,986.1,9,3,38,-1.0,-1.8369701987210297e-16,-0.992708874098054,-0.12053668025532357,103.57416666666666,105.0895238095238,106.39777777777779,111.3,105.17036706349207,1.1920707721832262,106.72865575396825,2.6564365504050294,108.97882605820105,3.949172578212487,0
2023-10-01,103.87,FRIJOL  ROJO DE SEDA NACIONAL,FRIJOL,2023,10,4.569999999999999,4.656666666666666,4.836666666666667,62.363,92.2,120.62,98372.0,97001.64,986.1,10,4,39,-0.8660254037844386,0.5000000000000001,-1.0,-1.8369701987210297e-16,103.55833333333332,103.57416666666666,105.62,110.0,104.46050595238096,1.0550833576917982,105.7609474206349,2.106407459976942,108.1781316137566,3.99665767037249,0
2023-10-08,109.46666666666665,FRIJOL  ROJO DE SEDA NACIONAL,FRIJOL,2023,10,4.644285714285714,4.596666666666667,4.776666666666666,82.18100000000001,95.4,120.62,98372.0,97001.64,986.1,10,4,40,-0.8660254037844386,0.5000000000000001,-0.992708874098054,0.1205366802553232,103.87,103.55833333333332,105.0895238095238,104.8,104.02300595238094,0.7253156803230872,104.99469742063492,1.3075423833125175,107.34438161375662,3.7352134868631626,0
2023-10-15,110.96666666666665,FRIJOL  ROJO DE SEDA NACIONAL,FRIJOL,2023,10,4.656666666666666,4.586666666666667,4.766666666666667,56.468,96.8,120.62,98372.0,97001.64,986.1,10,4,41,-0.8660254037844386,0.5000000000000001,-0.9709418174260521,0.23931566428755738,109.46666666666665,103.87,103.57416666666666,107.04777777777778,105.11729166666666,2.903123906131818,105.57803075396825,2.042619089682213,106.97702050264552,3.2151019328457404,0
2023-10-22,111.066,FRIJOL  ROJO DE SEDA NACIONAL,FRIJOL,2023,10,4.5338095238095235,4.320952380952381,4.535238095238095,31.659,957.0,120.62,98372.0,97001.64,986.1,10,4,42,-0.8660254037844386,0.5000000000000001,-0.9350162426854148,0.35460488704253557,110.96666666666665,109.46666666666665,103.55833333333332,106.39777777777779,106.96541666666666,3.8059634919234933,106.06789186507936,2.781663906958594,106.80757605820106,2.907703596810806,0
2023-10-29,111.53333333333333,FRIJOL  ROJO DE SEDA NACIONAL,FRIJOL,2023,10,4.513333333333333,4.276666666666666,4.496666666666667,70.754,84.4,120.62,98372.0,97001.64,986.1,10,4,43,-0.8660254037844386,0.5000000000000001,-0.8854560256532101,0.464723172043768,111.066,110.96666666666665,103.87,105.62,108.84233333333333,3.394671139911968,106.65141964285714,3.3017701207596786,106.78807605820104,2.875442746481275,0
2023-11-05,111.13888888888887,FRIJOL  ROJO DE SEDA NACIONAL,FRIJOL,2023,11,4.3933333333333335,4.036666666666667,4.225238095238095,71.204,170.0,122.34,98372.0,97001.64,986.1,11,4,44,-0.5000000000000004,0.8660254037844384,-0.822983865893657,0.5680647467311548,111.53333333333333,111.066,109.46666666666665,105.0895238095238,110.75816666666665,0.8957472155009116,107.39058630952381,3.678317111807049,106.91585383597884,3.0593369178271033,1
2023-11-12,113.39999999999998,FRIJOL  ROJO DE SEDA NACIONAL,FRIJOL,2023,11,4.373333333333334,3.9966666666666666,4.18,35.12,83.4,122.34,98372.0,97001.64,986.1,11,4,45,-0.5000000000000004,0.8660254037844384,-0.7485107481711011,0.6631226582407952,111.13888888888887,111.53333333333333,110.96666666666665,103.57416666666666,111.17622222222221,0.2483173994464708,108.14675694444443,3.7586214948288448,107.44409457671956,3.204594633070109,1
2023-11-19,109.40833333333333,FRIJOL  ROJO DE SEDA NACIONAL,FRIJOL,2023,11,4.259047619047618,3.888095238095238,4.005714285714285,12.363999999999999,51.2,122.34,98372.0,97001.64,986.1,11,4,46,-0.5000000000000004,0.8660254037844384,-0.6631226582407955,0.7485107481711007,113.39999999999998,111.13888888888887,111.066,103.55833333333332,111.78455555555556,1.0963547006482062,109.3749861111111,3.6549429242218308,107.97344642857142,3.6296365482278987,1
2023-11-26,97.68571428571428,FRIJOL  ROJO DE SEDA NACIONAL,FRIJOL,2023,11,4.239999999999999,3.8699999999999997,3.9766666666666666,4.182,33.6,122.34,98372.0,97001.64,986.1,11,4,47,-0.5000000000000004,0.8660254037844384,-0.5680647467311559,0.8229838658936564,109.40833333333333,113.39999999999998,111.53333333333333,103.87,111.37013888888887,1.6379994055166247,110.10623611111112,2.813236683335058,108.22432605820104,3.6148400928314106,1
2023-12-03,97.72321428571428,FRIJOL  ROJO DE SEDA NACIONAL,FRIJOL,2023,12,4.054285714285714,3.7785714285714285,3.890952380952381,0.576,6.8,114.17,98372.0,97001.64,986.1,12,4,48,-2.4492935982947064e-16,1.0,-0.4647231720437684,0.88545602565321,97.68571428571428,109.40833333333333,111.13888888888887,109.46666666666665,107.90823412698413,7.008253042632264,109.33320039682539,4.869704483735237,107.56313558201059,4.697886445358042,1
2023-12-10,96.30666666666666,FRIJOL  ROJO DE SEDA NACIONAL,FRIJOL,2023,12,4.023333333333333,3.763333333333333,3.8766666666666674,0.227,11.8,114.17,98372.0,97001.64,986.1,12,4,49,-2.4492935982947064e-16,1.0,-0.35460488704253595,0.9350162426854147,97.72321428571428,97.68571428571428,113.39999999999998,110.96666666666665,104.55431547619045,8.075668183718443,107.86526884920634,6.364337383750441,106.94927645502645,5.468545819429567,1
2023-12-17,96.36313131313132,FRIJOL  ROJO DE SEDA NACIONAL,FRIJOL,2023,12,3.8376190476190475,3.723333333333333,3.8423809523809522,0.032,1.2,114.17,98372.0,97001.64,986.1,12,4,50,-2.4492935982947064e-16,1.0,-0.2393156642875578,0.970941817426052,96.30666666666666,97.72321428571428,109.40833333333333,111.066,100.28098214285713,6.120493305824545,106.03276884920633,7.37419921397269,106.34365145502643,6.226244486829453,1
2023-12-24,95.31079365079366,FRIJOL  ROJO DE SEDA NACIONAL,FRIJOL,2023,12,3.778809523809524,3.705238095238095,3.8245238095238094,0.082,5.0,114.17,98372.0,97001.64,986.1,12,4,51,-2.4492935982947064e-16,1.0,-0.12053668025532363,0.992708874098054,96.36313131313132,96.30666666666666,97.68571428571428,111.53333333333333,97.01968163780663,0.7912029559795064,104.19491026334777,7.762532531703879,105.74405128667628,6.835507997539102,1
2023-12-31,95.18039682539683,FRIJOL  ROJO DE SEDA NACIONAL,FRIJOL,2023,12,3.5688095238095237,3.6238095238095234,3.730238095238095,25.959000000000003,2240.8,114.17,98372.0,97001.64,986.1,12,4,52,-2.4492935982947064e-16,1.0,6.432490598706546e-16,1.0,95.31079365079366,96.36313131313132,97.72321428571428,111.13888888888887,96.42595147907647,0.9907308768761138,102.16709280303029,7.690226680225312,105.03078409090908,7.466297981229019,1
2024-01-07,95.05,FRIJOL  ROJO DE SEDA NACIONAL,FRIJOL,2024,1,3.5823809523809524,3.6309523809523805,3.735238095238095,0.14200000000000002,6.0,114.66,101544.0,100356.44,988.3,1,1,1,0.49999999999999994,0.8660254037844387,0.12053668025532305,0.992708874098054,95.18039682539683,95.31079365079366,96.30666666666666,113.39999999999998,95.79024711399713,0.6315796222911035,100.1722812950938,7.075750508530938,103.84026160413659,7.825056552488494,0
2024-01-14,97.0715873015873,FRIJOL  ROJO DE SEDA NACIONAL,FRIJOL,2024,1,3.7409523809523813,3.723809523809524,3.8809523809523805,0.027,1.2,114.66,101544.0,100356.44,988.3,1,1,2,0.49999999999999994,0.8660254037844387,0.23931566428755774,0.970941817426052,95.05,95.18039682539683,96.36313131313132,109.40833333333333,95.47608044733045,0.6008750051671237,97.8785312950938,4.775512356098932,102.5138727152477,7.856195995316881,0
2024-01-21,96.14777777777778,FRIJOL  ROJO DE SEDA NACIONAL,FRIJOL,2024,1,3.7466666666666666,3.73,3.896666666666666,0.026000000000000002,1.0,114.66,101544.0,100356.44,988.3,1,1,3,0.49999999999999994,0.8660254037844387,0.3546048870425356,0.9350162426854148,97.0715873015873,95.05,95.31079365079366,97.68571428571428,95.65319444444444,0.9515702333637169,96.33643804112553,1.0908082572742954,101.34767165704666,7.50198313912278,0
2024-01-28,94.66777777777779,FRIJOL  ROJO DE SEDA NACIONAL,FRIJOL,2024,1,3.818095238095238,3.7871428571428574,4.013809523809523,0.152,3.8,114.66,101544.0,100356.44,988.3,1,1,4,0.49999999999999994,0.8660254037844387,0.4647231720437685,0.8854560256532099,96.14777777777778,97.0715873015873,95.18039682539683,97.72321428571428,95.86244047619047,0.9431677987831514,96.14419597763347,0.9447924036462877,100.06554202741701,6.892962004447321,0
2024-02-04,93.58675213675214,FRIJOL  ROJO DE SEDA NACIONAL,FRIJOL,2024,2,3.8300000000000005,3.796666666666667,4.033333333333332,0.749,10.4,116.87,101544.0,100356.44,988.3,2,1,5,0.8660254037844386,0.5000000000000001,0.5680647467311558,0.8229838658936564,94.66777777777779,96.14777777777778,95.05,96.30666666666666,95.7342857142857,1.0901127371942747,95.76226641414141,0.8253119889533803,98.69294943482443,6.079405624503048,1
2024-02-11,91.35695526695527,FRIJOL  ROJO DE SEDA NACIONAL,FRIJOL,2024,2,3.9328571428571424,3.8680952380952385,4.116190476190476,1.8419999999999999,50.4,116.87,101544.0,100356.44,988.3,2,1,6,0.8660254037844386,0.5000000000000001,0.6631226582407952,0.7485107481711011,93.58675213675214,94.66777777777779,97.0715873015873,96.36313131313132,95.36847374847376,1.5463308496688875,95.4222770979021,1.0875744971982082,97.04184544622045,4.0855964532359215,1
2024-02-18,89.93523809523809,FRIJOL  ROJO DE SEDA NACIONAL,FRIJOL,2024,2,3.9499999999999997,3.8800000000000003,4.13,0.011,0.6,116.87,101544.0,100356.44,988.3,2,1,7,0.8660254037844386,0.5000000000000001,0.7485107481711011,0.6631226582407953,91.35695526695527,93.58675213675214,96.14777777777778,95.31079365079366,93.93981573981574,2.0166678143137307,94.79650509213009,1.7233123470260432,95.53756394068894,1.8052116894052344,1
2024-02-25,88.62919913419913,FRIJOL  ROJO DE SEDA NACIONAL,FRIJOL,2024,2,4.075714285714286,3.9971428571428573,4.224285714285714,0.009000000000000001,0.6,116.87,101544.0,100356.44,988.3,2,1,8,0.8660254037844386,0.5000000000000001,0.8229838658936564,0.5680647467311559,89.93523809523809,91.35695526695527,94.66777777777779,95.18039682539683,92.38668081918082,2.138027178144437,94.12456064768566,2.406657062638321,94.89169092481592,2.2885557816189506,1
2024-03-03,87.36761904761904,FRIJOL  ROJO DE SEDA NACIONAL,FRIJOL,2024,3,4.096666666666667,4.016666666666667,4.239999999999999,0.05,2.0,114.99,101544.0,100356.44,988.3,3,1,9,1.0,6.123233995736766e-17,0.8854560256532099,0.4647231720437686,88.62919913419913,89.93523809523809,93.58675213675214,95.05,90.87703615828616,2.1223130395265493,93.30566093628593,3.029932148017503,94.13385632885633,2.729000529791525,1
2024-03-10,87.85269841269842,FRIJOL  ROJO DE SEDA NACIONAL,FRIJOL,2024,3,4.088095238095238,4.085238095238095,4.325714285714286,0.006,0.2,114.99,101544.0,100356.44,988.3,3,1,10,1.0,6.123233995736766e-17,0.9350162426854148,0.35460488704253557,87.36761904761904,88.62919913419913,91.35695526695527,97.0715873015873,89.32225288600287,1.714320233681942,92.34536331723832,3.5677858743465216,93.38893569393571,3.2519066290068976,1
2024-03-17,92.71714285714286,FRIJOL  ROJO DE SEDA NACIONAL,FRIJOL,2024,3,4.086666666666667,4.096666666666667,4.34,0.81,39.6,114.99,101544.0,100356.44,988.3,3,1,11,1.0,6.123233995736766e-17,0.970941817426052,0.23931566428755804,87.85269841269842,87.36761904761904,89.93523809523809,96.14777777777778,88.44618867243867,1.1204618298775586,91.1930022061272,3.3020995067499115,92.67973295223295,3.465312858346312,1
2024-03-24,94.36011904761905,FRIJOL  ROJO DE SEDA NACIONAL,FRIJOL,2024,3,3.9895238095238095,4.173809523809523,4.474285714285714,0.595,27.2,114.99,101544.0,100356.44,988.3,3,1,12,1.0,6.123233995736766e-17,0.992708874098054,0.120536680255323,92.71714285714286,87.85269841269842,88.62919913419913,94.66777777777779,89.14166486291487,2.439626820838515,90.76417284104785,2.7419772540258163,92.46359538609539,3.3657453449819883,1
2024-03-31,96.03352272727273,FRIJOL  ROJO DE SEDA NACIONAL,FRIJOL,2024,3,3.973333333333333,4.1866666666666665,4.496666666666667,0.131,10.4,114.99,101544.0,100356.44,988.3,3,1,13,1.0,6.123233995736766e-17,1.0,-1.6081226496766366e-16,94.36011904761905,92.71714285714286,87.36761904761904,93.58675213675214,90.57439484126985,3.4935234967057265,90.725715499778,2.6808831357509213,92.3952389046139,3.313476334817469,1
2024-04-07,97.70692640692641,FRIJOL  ROJO DE SEDA NACIONAL,FRIJOL,2024,4,3.967619047619048,4.2838095238095235,4.59952380952381,12.257000000000001,67.8,117.56,101544.0,100356.44,988.3,4,2,14,0.8660254037844387,-0.4999999999999998,0.992708874098054,-0.12053668025532288,96.03352272727273,94.36011904761905,87.85269841269842,91.35695526695527,92.74087076118326,3.5288484384586956,91.03156182359308,3.1520716962631554,92.47719913188662,3.3962428785315595,0
2024-04-14,100.9047619047619,FRIJOL  ROJO DE SEDA NACIONAL,FRIJOL,2024,4,3.9666666666666663,4.3,4.616666666666667,6.317,37.6,117.56,101544.0,100356.44,988.3,4,2,15,0.8660254037844387,-0.4999999999999998,0.9709418174260521,-0.2393156642875575,97.70692640692641,96.03352272727273,92.71714285714286,89.93523809523809,95.20442775974027,2.1485918902393957,91.82530821608947,3.9453994291962036,92.53014405733155,3.4783372376308663,0
2024-04-21,100.95797979797979,FRIJOL  ROJO DE SEDA NACIONAL,FRIJOL,2024,4,3.986666666666667,4.354285714285714,4.679523809523809,32.095,74.2,117.56,101544.0,100356.44,988.3,4,2,16,0.8660254037844387,-0.4999999999999998,0.9350162426854148,-0.35460488704253545,100.9047619047619,97.70692640692641,94.36011904761905,88.62919913419913,97.25133252164501,2.7926861676759556,93.19649869227995,4.968271390079246,92.9265594012469,4.136844847136479,0
2024-04-28,98.155,FRIJOL  ROJO DE SEDA NACIONAL,FRIJOL,2024,4,3.9899999999999998,4.363333333333333,4.69,21.742,119.4,117.56,101544.0,100356.44,988.3,4,2,17,0.8660254037844387,-0.4999999999999998,0.8854560256532099,-0.4647231720437685,100.95797979797979,100.9047619047619,96.03352272727273,87.36761904761904,98.9007977092352,2.442298449676035,94.73759627525253,5.253115454624422,93.4507429029304,4.733084619944611,0
2024-05-05,96.30357142857143,FRIJOL  ROJO DE SEDA NACIONAL,FRIJOL,2024,5,3.9442857142857135,4.34047619047619,4.678571428571429,9.120000000000001,41.4,117.76,101544.0,100356.44,988.3,5,2,18,0.49999999999999994,-0.8660254037844387,0.8229838658936565,-0.5680647467311557,98.155,100.95797979797979,97.70692640692641,87.85269841269842,99.43116702741702,1.7420531084621764,96.08601889430014,4.40750478912153,93.83143022486773,4.924848428620629,0
2024-05-12,94.78541666666666,FRIJOL  ROJO DE SEDA NACIONAL,FRIJOL,2024,5,3.936666666666666,4.336666666666667,4.676666666666667,3.342,30.0,117.76,101544.0,100356.44,988.3,5,2,19,0.49999999999999994,-0.8660254037844387,0.7485107481711013,-0.663122658240795,96.30357142857143,98.155,100.9047619047619,92.71714285714286,99.08032828282828,2.2672115260717662,97.14237802128427,2.9109472040657556,94.24364823833575,4.905885371117037,0
2024-05-19,93.78428571428572,FRIJOL  ROJO DE SEDA NACIONAL,FRIJOL,2024,5,3.8195238095238095,4.256666666666667,4.562380952380953,19.638,90.0,117.76,101544.0,100356.44,988.3,5,2,20,0.49999999999999994,-0.8660254037844387,0.6631226582407952,-0.7485107481711012,94.78541666666666,96.30357142857143,100.95797979797979,94.36011904761905,97.55049197330447,2.6568688040564674,97.40091224747474,2.528498605166975,94.64782978595478,4.7147311347954215,0
2024-05-26,93.27388888888888,FRIJOL  ROJO DE SEDA NACIONAL,FRIJOL,2024,5,3.8000000000000003,4.243333333333333,4.543333333333334,25.341,114.0,117.76,101544.0,100356.44,988.3,5,2,21,0.49999999999999994,-0.8660254037844387,0.5680647467311558,-0.8229838658936564,93.78428571428572,94.78541666666666,98.155,96.03352272727273,95.75706845238095,1.9047939638762872,97.32893308080807,2.6334456669956046,95.07742033429533,4.336135726011041,0
2024-06-02,92.45555555555555,FRIJOL  ROJO DE SEDA NACIONAL,FRIJOL,2024,6,3.7399999999999998,4.16047619047619,4.426190476190476,59.824,72.6,116.08,101544.0,100356.44,988.3,6,2,22,1.2246467991473532e-16,-1.0,0.46472317204376906,-0.8854560256532096,93.27388888888888,93.78428571428572,96.30357142857143,97.70692640692641,94.53679067460317,1.3347301540239658,96.9839788510101,2.9846895176228174,95.5696094877345,3.664665322926491,0
2024-06-09,92.575,FRIJOL  ROJO DE SEDA NACIONAL,FRIJOL,2024,6,3.73,4.1466666666666665,4.406666666666666,81.517,142.2,116.08,101544.0,100356.44,988.3,6,2,23,1.2246467991473532e-16,-1.0,0.35460488704253584,-0.9350162426854147,92.45555555555555,93.27388888888888,94.78541666666666,100.9047619047619,93.5747867063492,0.975146587373869,96.32755749458875,3.3571980879710392,95.95318091630593,2.9558660026580736,0
2024-06-16,92.66666666666666,FRIJOL  ROJO DE SEDA NACIONAL,FRIJOL,2024,6,3.6757142857142857,4.043809523809523,4.280952380952381,213.586,385.6,116.08,101544.0,100356.44,988.3,6,2,24,1.2246467991473532e-16,-1.0,0.23931566428755768,-0.970941817426052,92.575,92.45555555555555,93.78428571428572,100.95797979797979,93.02218253968253,0.623216307527637,95.2863372564935,3.0083983369671787,95.94133567821068,2.970262650604293,0
2024-06-23,94.84583333333333,FRIJOL  ROJO DE SEDA NACIONAL,FRIJOL,2024,6,3.6666666666666665,4.026666666666666,4.260000000000001,237.173,312.4,116.08,101544.0,100356.44,988.3,6,2,25,1.2246467991473532e-16,-1.0,0.12053668025532308,-0.992708874098054,92.66666666666666,92.575,93.27388888888888,98.155,92.74277777777777,0.36447126143253816,94.24992311507935,2.0513108901971457,95.80021464646462,3.0900322402616043,0
2024-06-30,95.28888888888889,FRIJOL  ROJO DE SEDA NACIONAL,FRIJOL,2024,6,3.683809523809523,3.9666666666666672,4.217142857142857,120.485,117.2,116.08,101544.0,100356.44,988.3,6,2,26,1.2246467991473532e-16,-1.0,-3.216245299353273e-16,-1.0,94.84583333333333,92.66666666666666,92.45555555555555,96.30357142857143,93.13576388888887,1.1433181570227224,93.83627728174604,1.3727862743494579,95.70124053030304,3.1008818720231806,0
2021-05-09,15.61111111111111,MAÍZ BLANCO,MAÍZ,2021,5,2.9323809523809525,3.461904761904762,3.65,37.323,69.4,111.72,263361.0,836714.56,3177.1,5,2,18,0.49999999999999994,-0.8660254037844387,0.8229838658936565,-0.5680647467311557,,,,,,,,,,,0
2021-05-16,15.80602226720648,MAÍZ BLANCO,MAÍZ,2021,5,2.94,3.4666666666666663,3.6566666666666667,16.133,85.2,111.72,263361.0,836714.56,3177.1,5,2,19,0.49999999999999994,-0.8660254037844387,0.7485107481711013,-0.663122658240795,15.61111111111111,,,,15.61111111111111,,15.61111111111111,,15.61111111111111,,0
2021-05-23,15.724853683897802,MAÍZ BLANCO,MAÍZ,2021,5,3.0314285714285716,3.5180952380952375,3.710952380952381,20.783,73.0,111.72,263361.0,836714.56,3177.1,5,2,20,0.49999999999999994,-0.8660254037844387,0.6631226582407952,-0.7485107481711012,15.80602226720648,15.61111111111111,,,15.708566689158795,0.13782300020394503,15.708566689158795,0.13782300020394503,15.708566689158795,0.13782300020394503,0
2021-05-30,15.850691434468526,MAÍZ BLANCO,MAÍZ,2021,5,3.046666666666667,3.526666666666666,3.72,46.988,108.4,111.72,263361.0,836714.56,3177.1,5,2,21,0.49999999999999994,-0.8660254037844387,0.5680647467311558,-0.8229838658936564,15.724853683897802,15.80602226720648,,,15.71399568740513,0.09790818024294222,15.71399568740513,0.09790818024294222,15.71399568740513,0.09790818024294222,0
2021-06-06,15.755699855699856,MAÍZ BLANCO,MAÍZ,2021,6,3.1066666666666665,3.5609523809523806,3.768571428571428,54.7,74.0,112.93,263361.0,836714.56,3177.1,6,2,22,1.2246467991473532e-16,-1.0,0.46472317204376906,-0.8854560256532096,15.850691434468526,15.724853683897802,15.61111111111111,,15.74816962417098,0.10517654834591798,15.74816962417098,0.10517654834591798,15.74816962417098,0.10517654834591798,0
2021-06-13,15.856914344685242,MAÍZ BLANCO,MAÍZ,2021,6,3.1166666666666667,3.5666666666666664,3.776666666666666,87.374,116.2,112.93,263361.0,836714.56,3177.1,6,2,23,1.2246467991473532e-16,-1.0,0.35460488704253584,-0.9350162426854147,15.755699855699856,15.850691434468526,15.80602226720648,,15.784316810318165,0.05547224857272397,15.749675670476757,0.09114779546893394,15.749675670476757,0.09114779546893394,0
2021-06-20,15.830077261167627,MAÍZ BLANCO,MAÍZ,2021,6,3.1595238095238094,3.5752380952380953,3.793809523809524,69.86,135.0,112.93,263361.0,836714.56,3177.1,6,2,24,1.2246467991473532e-16,-1.0,0.23931566428755768,-0.970941817426052,15.856914344685242,15.755699855699856,15.724853683897802,,15.797039829687856,0.0667914299269608,15.767548782844836,0.0925366163710865,15.767548782844836,0.0925366163710865,0
2021-06-27,16.163063909774436,MAÍZ BLANCO,MAÍZ,2021,6,3.1666666666666665,3.5766666666666667,3.796666666666667,114.338,113.0,112.93,263361.0,836714.56,3177.1,6,2,25,1.2246467991473532e-16,-1.0,0.12053668025532308,-0.992708874098054,15.830077261167627,15.856914344685242,15.850691434468526,,15.823345724005312,0.04653284598523544,15.776481422605235,0.08771772253160376,15.776481422605235,0.08771772253160376,0
2021-07-04,16.757051282051286,MAÍZ BLANCO,MAÍZ,2021,7,3.212380952380953,3.6538095238095236,3.848095238095238,46.013000000000005,107.2,113.5,263361.0,836714.56,3177.1,7,3,26,-0.4999999999999997,-0.8660254037844388,-3.216245299353273e-16,-1.0,16.163063909774436,15.830077261167627,15.755699855699856,15.61111111111111,15.90143884283179,0.17959438957068222,15.824804233501386,0.158984123214271,15.824804233501386,0.158984123214271,0
2021-07-11,16.80089193572166,MAÍZ BLANCO,MAÍZ,2021,7,3.22,3.6666666666666665,3.856666666666667,26.548000000000002,104.4,113.5,263361.0,836714.56,3177.1,7,3,27,-0.4999999999999997,-0.8660254037844388,-0.12053668025532283,-0.992708874098054,16.757051282051286,16.163063909774436,15.856914344685242,15.80602226720648,16.15177669941965,0.43085924163570244,15.968046754868906,0.34562657586120077,15.928387238895816,0.34450168151087895,0
2021-07-18,16.73322829131653,MAÍZ BLANCO,MAÍZ,2021,7,3.2257142857142855,3.7066666666666666,3.905238095238096,41.922,63.0,113.5,263361.0,836714.56,3177.1,7,3,28,-0.4999999999999997,-0.8660254037844388,-0.23931566428755743,-0.9709418174260521,16.80089193572166,16.757051282051286,15.830077261167627,15.724853683897802,16.38777109717875,0.47207076340094034,16.092405463433305,0.44398561158985284,16.015637708578403,0.4261701889954058,0
2021-07-25,16.953665413533834,MAÍZ BLANCO,MAÍZ,2021,7,3.2266666666666666,3.7133333333333334,3.9133333333333336,22.721,112.8,113.5,263361.0,836714.56,3177.1,7,3,29,-0.4999999999999997,-0.8660254037844388,-0.3546048870425356,-0.9350162426854148,16.73322829131653,16.80089193572166,16.163063909774436,15.850691434468526,16.613558854715976,0.3016345633465647,16.218452289360645,0.46725944622070936,16.080873216100052,0.45855350052880245,0
2021-08-01,17.059590246354954,MAÍZ BLANCO,MAÍZ,2021,8,3.212380952380953,3.741904761904762,3.9590476190476194,55.868,97.4,112.71,263361.0,836714.56,3177.1,8,3,30,-0.8660254037844385,-0.5000000000000004,-0.46472317204376806,-0.8854560256532101,16.953665413533834,16.73322829131653,16.757051282051286,15.755699855699856,16.811209230655827,0.0990190569405636,16.356324036743807,0.5044857455626061,16.15360589921953,0.5046149594266148,1
2021-08-08,17.16554613686967,MAÍZ BLANCO,MAÍZ,2021,8,3.2100000000000004,3.7466666666666666,3.9666666666666663,92.913,82.8,112.71,263361.0,836714.56,3177.1,8,3,31,-0.8660254037844385,-0.5000000000000004,-0.5680647467311556,-0.8229838658936566,17.059590246354954,16.953665413533834,16.80089193572166,15.856914344685242,16.886843971731743,0.14752616744653133,16.519310335575696,0.49321956255400934,16.274312493823185,0.5353558619705235,1
2021-08-15,17.271502027384383,MAÍZ BLANCO,MAÍZ,2021,8,3.224285714285714,3.7895238095238097,3.9952380952380957,45.388999999999996,110.2,112.71,263361.0,836714.56,3177.1,8,3,32,-0.8660254037844385,-0.5000000000000004,-0.663122658240795,-0.7485107481711013,17.16554613686967,17.059590246354954,16.73322829131653,15.830077261167627,16.978007522018746,0.1846942365090179,16.68288930959875,0.4578905630931938,16.38760614962845,0.5699793560227127,1
2021-08-22,17.566845238095237,MAÍZ BLANCO,MAÍZ,2021,8,3.2266666666666666,3.796666666666667,4.0,109.962,147.8,112.71,263361.0,836714.56,3177.1,8,3,33,-0.8660254037844385,-0.5000000000000004,-0.7485107481711011,-0.6631226582407952,17.271502027384383,17.16554613686967,16.953665413533834,16.163063909774436,17.11257595603571,0.1367764382249146,16.863067405375844,0.34374196019594166,16.516493511585665,0.5812469977421663,1
2021-08-29,17.59657509157509,MAÍZ BLANCO,MAÍZ,2021,8,3.192380952380952,3.779523809523809,3.962857142857143,56.402,117.8,112.71,263361.0,836714.56,3177.1,8,3,34,-0.8660254037844385,-0.5000000000000004,-0.8229838658936564,-0.5680647467311559,17.566845238095237,17.271502027384383,17.059590246354954,16.757051282051286,17.265870912176062,0.21850555138091113,17.038540071415945,0.28935466081577654,16.65950632855456,0.6128060014768635,1
2021-09-05,17.940805194805197,MAÍZ BLANCO,MAÍZ,2021,9,3.186666666666666,3.776666666666666,3.956666666666667,58.578,122.0,112.13,263361.0,836714.56,3177.1,9,3,35,-1.0,-1.8369701987210297e-16,-0.8854560256532096,-0.4647231720437691,17.59657509157509,17.566845238095237,17.16554613686967,16.80089193572166,17.400117123481095,0.21444454460628407,17.14348054760642,0.3229661536870961,16.81291259821083,0.596175162890541,1
2021-09-12,17.957013574660635,MAÍZ BLANCO,MAÍZ,2021,9,3.1809523809523808,3.759523809523809,3.905238095238095,137.219,197.8,112.13,263361.0,836714.56,3177.1,9,3,36,-1.0,-1.8369701987210297e-16,-0.9350162426854147,-0.3546048870425359,17.940805194805197,17.59657509157509,17.271502027384383,16.73322829131653,17.593931887964978,0.27387514133191954,17.28596970499186,0.3938970698128932,16.986570169054158,0.5958949494894292,1
2021-09-19,18.56127450980392,MAÍZ BLANCO,MAÍZ,2021,9,3.1799999999999997,3.7566666666666664,3.896666666666666,34.107,84.6,112.13,263361.0,836714.56,3177.1,9,3,37,-1.0,-1.8369701987210297e-16,-0.970941817426052,-0.23931566428755774,17.957013574660635,17.940805194805197,17.566845238095237,16.953665413533834,17.76530977478404,0.2124527829708749,17.438942865409874,0.3861263326596472,17.163814861845243,0.5337087291362941,1
2021-09-26,18.84045814479638,MAÍZ BLANCO,MAÍZ,2021,9,3.237142857142857,3.7652380952380957,3.890952380952381,81.89,758.0,112.13,263361.0,836714.56,3177.1,9,3,38,-1.0,-1.8369701987210297e-16,-0.992708874098054,-0.12053668025532357,18.56127450980392,17.957013574660635,17.59657509157509,17.059590246354954,18.01391709271121,0.4009812331188785,17.639894002443636,0.4992477272743127,17.363665745181034,0.5725065760543349,1
2021-10-03,18.745299145299146,MAÍZ BLANCO,MAÍZ,2021,10,3.2466666666666666,3.766666666666667,3.89,28.262,66.8,112.85,263361.0,836714.56,3177.1,10,4,39,-0.8660254037844386,0.5000000000000001,-1.0,-1.8369701987210297e-16,18.84045814479638,18.56127450980392,17.940805194805197,17.16554613686967,18.32488785601653,0.44890323763872325,17.862502489748813,0.5919584389284327,17.537282983743122,0.6780064973041019,0
2021-10-10,18.8453314659197,MAÍZ BLANCO,MAÍZ,2021,10,3.318095238095238,3.7495238095238093,3.878571428571429,61.594,107.0,112.85,263361.0,836714.56,3177.1,10,4,40,-0.8660254037844386,0.5000000000000001,-0.992708874098054,0.1205366802553232,18.745299145299146,18.84045814479638,17.957013574660635,17.271502027384383,18.526011343640022,0.3966383250541685,18.0599716158025,0.5897375790743228,17.69931691787458,0.7172290261520563,0
2021-10-17,19.176904761904762,MAÍZ BLANCO,MAÍZ,2021,10,3.3300000000000005,3.7466666666666666,3.8766666666666674,41.412000000000006,129.4,112.85,263361.0,836714.56,3177.1,10,4,41,-0.8660254037844386,0.5000000000000001,-0.9709418174260521,0.23931566428755738,18.8453314659197,18.745299145299146,18.56127450980392,17.566845238095237,18.748090816454788,0.13278503067211087,18.256700295619414,0.5503273441225577,17.87532551575818,0.7177531879618945,0
2021-10-24,19.135852451641927,MAÍZ BLANCO,MAÍZ,2021,10,3.481428571428571,3.8352380952380956,3.970952380952381,58.775,101.6,112.85,263361.0,836714.56,3177.1,10,4,42,-0.8660254037844386,0.5000000000000001,-0.9350162426854148,0.35460488704253557,19.176904761904762,18.8453314659197,18.84045814479638,17.59657509157509,18.90199837948,0.1889678179550212,18.457957736095604,0.5563736026944616,18.060595461455755,0.7446547573293746,0
2021-10-31,19.142443438914025,MAÍZ BLANCO,MAÍZ,2021,10,3.5066666666666664,3.85,3.986666666666667,13.722999999999999,56.2,112.85,263361.0,836714.56,3177.1,10,4,43,-0.8660254037844386,0.5000000000000001,-0.8854560256532101,0.464723172043768,19.135852451641927,19.176904761904762,18.745299145299146,17.940805194805197,18.975846956191383,0.21308260223104164,18.65036740610396,0.47633278232302756,18.233617311896335,0.7320298807408787,0
2021-11-07,19.38584656084656,MAÍZ BLANCO,MAÍZ,2021,11,3.635238095238095,3.9871428571428575,4.126666666666666,6.887,51.0,114.65,263361.0,836714.56,3177.1,11,4,44,-0.5000000000000004,0.8660254037844384,-0.822983865893657,0.5680647467311548,19.142443438914025,19.135852451641927,18.8453314659197,17.957013574660635,19.075133029595104,0.15425496597224195,18.80057218661756,0.40469016689295934,18.398358753733365,0.6911161717630877,1
2021-11-14,19.854807120983594,MAÍZ BLANCO,MAÍZ,2021,11,3.6566666666666667,4.010000000000001,4.1499999999999995,0.47300000000000003,14.0,114.65,263361.0,836714.56,3177.1,11,4,45,-0.5000000000000004,0.8660254037844384,-0.7485107481711011,0.6631226582407952,19.38584656084656,19.142443438914025,19.176904761904762,18.56127450980392,19.21026180332682,0.11843251447615226,18.9791763098908,0.273124361203509,18.574554131521882,0.6457444995174816,1
2021-11-21,19.87279797408474,MAÍZ BLANCO,MAÍZ,2021,11,3.6366666666666667,3.9899999999999998,4.138571428571429,5.734,28.8,114.65,263361.0,836714.56,3177.1,11,4,46,-0.5000000000000004,0.8660254037844384,-0.6631226582407955,0.7485107481711007,19.854807120983594,19.38584656084656,19.135852451641927,18.84045814479638,19.379737393096526,0.33740028336537736,19.140867886288262,0.3595855734782474,18.765217621762577,0.6587995453324863,1
2021-11-28,19.993494397759104,MAÍZ BLANCO,MAÍZ,2021,11,3.6333333333333333,3.986666666666667,4.136666666666667,0.29,5.2,114.65,263361.0,836714.56,3177.1,11,4,47,-0.5000000000000004,0.8660254037844384,-0.5680647467311559,0.8229838658936564,19.87279797408474,19.854807120983594,19.142443438914025,18.745299145299146,19.563973773707232,0.36026543443184833,19.269910364949304,0.4170255975052715,18.954902861971714,0.6181665147457395,1
2021-12-05,19.923949579831934,MAÍZ BLANCO,MAÍZ,2021,12,3.5533333333333332,3.8952380952380956,4.05095238095238,0.014,0.6,113.44,263361.0,836714.56,3177.1,12,4,48,-2.4492935982947064e-16,1.0,-0.4647231720437684,0.88545602565321,19.993494397759104,19.87279797408474,19.38584656084656,18.8453314659197,19.7767365134185,0.26776965190026375,19.425934771506803,0.4261087118236213,19.125960295551206,0.595634023704977,1
2021-12-12,19.81954751131222,MAÍZ BLANCO,MAÍZ,2021,12,3.5399999999999996,3.8800000000000003,4.036666666666666,0.7849999999999999,14.4,113.44,263361.0,836714.56,3177.1,12,4,49,-2.4492935982947064e-16,1.0,-0.35460488704253595,0.9350162426854147,19.923949579831934,19.993494397759104,19.854807120983594,19.176904761904762,19.911262268164844,0.062155119331193796,19.56076203574583,0.38479528164594745,19.28987162931548,0.5090567167591968,1
2021-12-19,19.863650075414782,MAÍZ BLANCO,MAÍZ,2021,12,3.382857142857143,3.7257142857142855,3.865238095238095,3.7199999999999998,34.4,113.44,263361.0,836714.56,3177.1,12,4,50,-2.4492935982947064e-16,1.0,-0.2393156642875578,0.970941817426052,19.81954751131222,19.923949579831934,19.87279797408474,19.135852451641927,19.902447365747,0.0741695794333498,19.641092379421764,0.3594582559116973,19.394727712774507,0.47369834553631246,1
2021-12-26,19.700854700854705,MAÍZ BLANCO,MAÍZ,2021,12,3.356666666666667,3.6999999999999997,3.8366666666666664,1.351,25.0,113.44,263361.0,836714.56,3177.1,12,4,51,-2.4492935982947064e-16,1.0,-0.12053668025532363,0.992708874098054,19.863650075414782,19.81954751131222,19.993494397759104,19.142443438914025,19.90016039107951,0.07551733098792905,19.73206708239337,0.30060059760850066,19.479993706992705,0.4566400312121206,1
2022-01-02,19.55286324786325,MAÍZ BLANCO,MAÍZ,2022,1,3.3138095238095238,3.6371428571428575,3.7595238095238095,0.31,6.2,113.35,263741.0,779043.0,2953.8,1,1,52,0.49999999999999994,0.8660254037844387,6.432490598706546e-16,1.0,19.700854700854705,19.863650075414782,19.923949579831934,19.38584656084656,19.82700046685341,0.09435858049777728,19.801868490135952,0.18779369934919485,19.559623336622337,0.39619029447609927,0
2022-01-09,19.404871794871795,MAÍZ BLANCO,MAÍZ,2022,1,3.306666666666667,3.6266666666666674,3.7466666666666666,1.0110000000000001,38.0,113.35,263741.0,779043.0,2953.8,1,1,1,0.49999999999999994,0.8660254037844387,0.12053668025532305,0.992708874098054,19.55286324786325,19.700854700854705,19.81954751131222,19.854807120983594,19.734228883861242,0.13908803330446448,19.82274557601304,0.13748135349860116,19.618584318450967,0.3267957796430266,0
2022-01-16,19.779059829059825,MAÍZ BLANCO,MAÍZ,2022,1,3.4266666666666667,3.7380952380952377,3.852380952380952,0.193,4.4,113.35,263741.0,779043.0,2953.8,1,1,2,0.49999999999999994,0.8660254037844387,0.23931566428755774,0.970941817426052,19.404871794871795,19.55286324786325,19.863650075414782,19.87279797408474,19.630559954751135,0.19684535338826242,19.766503660249068,0.20021174059609412,19.637581571198222,0.30466252003246214,0
2022-01-23,19.93904761904762,MAÍZ BLANCO,MAÍZ,2022,1,3.4466666666666668,3.7566666666666664,3.8699999999999997,0.027,1.2,113.35,263741.0,779043.0,2953.8,1,1,3,0.49999999999999994,0.8660254037844387,0.3546048870425356,0.9350162426854148,19.779059829059825,19.404871794871795,19.700854700854705,19.993494397759104,19.609412393162394,0.16550590153199451,19.75478639212095,0.19579654482211276,19.691182185983042,0.2619540971952055,0
2022-01-30,20.005064102564102,MAÍZ BLANCO,MAÍZ,2022,1,3.6295238095238096,3.8938095238095234,4.0128571428571425,0.05,1.6,113.35,263741.0,779043.0,2953.8,1,1,4,0.49999999999999994,0.8660254037844387,0.4647231720437685,0.8854560256532099,19.93904761904762,19.779059829059825,19.55286324786325,19.923949579831934,19.66896062271062,0.23684758127309694,19.747980544782017,0.18706535911994338,19.757565867660844,0.20499689165428567,0
2022-02-06,20.20436507936508,MAÍZ BLANCO,MAÍZ,2022,2,3.66,3.9166666666666665,4.036666666666666,0.262,4.2,115.93,263741.0,779043.0,2953.8,2,1,5,0.8660254037844386,0.5000000000000001,0.5680647467311558,0.8229838658936564,20.005064102564102,19.93904761904762,19.404871794871795,19.81954751131222,19.782010836385837,0.2687352326112504,19.758119860123536,0.19973502044296088,19.80916732947064,0.1792379283009897,0
2022-02-13,20.15773809523809,MAÍZ BLANCO,MAÍZ,2022,2,3.837142857142857,4.062380952380953,4.199523809523809,0.9410000000000001,17.9,115.93,263741.0,779043.0,2953.8,2,1,6,0.8660254037844386,0.5000000000000001,0.6631226582407952,0.7485107481711011,20.20436507936508,20.005064102564102,19.779059829059825,19.863650075414782,19.981884157509157,0.1760755024422228,19.806222056130146,0.25526160754901606,19.838297159335763,0.21262521261911452,0
2022-02-20,20.994999999999997,MAÍZ BLANCO,MAÍZ,2022,2,3.8666666666666667,4.086666666666667,4.226666666666667,0.055999999999999994,2.0,115.93,263741.0,779043.0,2953.8,2,1,7,0.8660254037844386,0.5000000000000001,0.7485107481711011,0.6631226582407953,20.15773809523809,20.20436507936508,19.93904761904762,19.700854700854705,20.076553724053724,0.1250937509307171,19.842983058608056,0.2842443606540195,19.862042169431874,0.2318680249061741,0
2022-02-27,21.7671875,MAÍZ BLANCO,MAÍZ,2022,2,3.983809523809524,4.215238095238095,4.358095238095238,0.02,0.8,115.93,263741.0,779043.0,2953.8,2,1,8,0.8660254037844386,0.5000000000000001,0.8229838658936564,0.5680647467311559,20.994999999999997,20.15773809523809,20.005064102564102,19.55286324786325,20.34054181929182,0.44453050691774004,20.00475122100122,0.48743571769724015,19.945500969618617,0.4016013279001577,0
2022-03-06,22.855918803418803,MAÍZ BLANCO,MAÍZ,2022,3,4.003333333333334,4.236666666666666,4.38,0.125,4.0,117.73,263741.0,779043.0,2953.8,3,1,9,1.0,6.123233995736766e-17,0.8854560256532099,0.4647231720437686,21.7671875,20.994999999999997,20.20436507936508,19.404871794871795,20.78107266865079,0.7614295760073801,20.281541752518315,0.7514015440469839,20.09910412963262,0.6612020785631533,0
2022-03-13,23.8525,MAÍZ BLANCO,MAÍZ,2022,3,4.220476190476191,4.416666666666666,4.574285714285714,789.672,74830.2,117.73,263741.0,779043.0,2953.8,3,1,10,1.0,6.123233995736766e-17,0.9350162426854148,0.35460488704253557,22.855918803418803,21.7671875,20.15773809523809,19.779059829059825,21.44396109966422,1.1480469719183313,20.71292262858669,1.090372234372693,20.352135070641506,1.025256040443312,0
2022-03-20,24.984126984126984,MAÍZ BLANCO,MAÍZ,2022,3,4.206666666666667,4.306666666666667,4.466666666666667,515.003,42850.8,117.73,263741.0,779043.0,2953.8,3,1,11,1.0,6.123233995736766e-17,0.970941817426052,0.23931566428755804,23.8525,22.855918803418803,20.994999999999997,19.93904761904762,22.3676515758547,1.2500545565812002,21.222102649954213,1.4751810182341278,20.684539231023603,1.4222477782839413,0
2022-03-27,25.185515873015873,MAÍZ BLANCO,MAÍZ,2022,3,4.375238095238095,4.328095238095238,4.508333333333334,2.106,27.6,117.73,263741.0,779043.0,2953.8,3,1,12,1.0,6.123233995736766e-17,0.992708874098054,0.120536680255323,24.984126984126984,23.8525,21.7671875,20.005064102564102,23.364933321886447,1.3749420439680307,21.85273757058913,1.873045911628877,21.124811921296295,1.8449788188316834,0
2022-04-03,25.21619047619048,MAÍZ BLANCO,MAÍZ,2022,4,4.366666666666667,4.306666666666667,4.488333333333333,10.987,40.0,117.52,263741.0,779043.0,2953.8,4,2,13,0.8660254037844387,-0.4999999999999998,1.0,-1.6081226496766366e-16,25.185515873015873,24.984126984126984,22.855918803418803,20.20436507936508,24.219515415140414,1.0819556014447402,22.500294041895604,2.0317826729227297,21.594199640059013,2.1066520454505926,0
2022-04-10,25.158243978243977,MAÍZ BLANCO,MAÍZ,2022,4,4.172380952380952,4.172380952380953,4.338333333333333,8.922999999999998,52.2,117.52,263741.0,779043.0,2953.8,4,2,14,0.8660254037844387,-0.4999999999999998,0.992708874098054,-0.12053668025532288,25.21619047619048,25.185515873015873,23.8525,20.15773809523809,24.809583333333336,0.6463045298699734,23.12677221649878,1.9950649908754963,22.07847619683557,2.2223899307768287,0
2022-04-17,25.360466686091684,MAÍZ BLANCO,MAÍZ,2022,4,4.14,4.15,4.3133333333333335,13.674,93.4,117.52,263741.0,779043.0,2953.8,4,2,15,0.8660254037844387,-0.4999999999999998,0.9709418174260521,-0.2393156642875575,25.158243978243977,25.21619047619048,24.984126984126984,20.994999999999997,25.136019327894328,0.10399124991444106,23.751835451874516,1.6923386922299537,22.526741542600917,2.2586307026611028,0
2022-04-24,25.562689393939394,MAÍZ BLANCO,MAÍZ,2022,4,4.14,4.15,4.3133333333333335,16.976,61.4,117.52,263741.0,779043.0,2953.8,4,2,16,0.8660254037844387,-0.4999999999999998,0.9350162426854148,-0.35460488704253545,25.360466686091684,25.158243978243977,25.185515873015873,21.7671875,25.230104253385505,0.09007400635814532,24.297518787635976,1.3444840784317298,22.978526464854585,2.2360692401904565,0
2022-05-01,25.831904761904763,MAÍZ BLANCO,MAÍZ,2022,5,4.14,4.15,4.3133333333333335,49.51,109.6,117.52,263741.0,779043.0,2953.8,5,2,17,0.49999999999999994,-0.8660254037844387,0.8854560256532099,-0.4647231720437685,25.562689393939394,25.360466686091684,25.21619047619048,22.855918803418803,25.324397633616385,0.18018487329779634,24.7719565243784,0.9297321403499064,23.44166190580253,2.1375973874749827,0
2022-05-08,25.63965201465201,MAÍZ BLANCO,MAÍZ,2022,5,4.14,4.15,4.3133333333333335,80.684,105.8,117.52,263741.0,779043.0,2953.8,5,2,18,0.49999999999999994,-0.8660254037844387,0.8229838658936565,-0.5680647467311557,25.831904761904763,25.562689393939394,25.158243978243977,23.8525,25.478326205044954,0.2877953217324178,25.143954769189143,0.5850569123176091,23.910623546014175,1.9738430081521943,0
2022-05-15,25.668349358974364,MAÍZ BLANCO,MAÍZ,2022,5,4.14,4.15,4.3133333333333335,8.085,49.6,117.52,263741.0,779043.0,2953.8,5,2,19,0.49999999999999994,-0.8660254037844387,0.7485107481711013,-0.663122658240795,25.63965201465201,25.831904761904763,25.360466686091684,24.984126984126984,25.598678214146965,0.19503281961860047,25.367348771020644,0.2865216103587596,24.367449705965328,1.6308872928804707,0
2022-05-22,25.69372843874392,MAÍZ BLANCO,MAÍZ,2022,5,4.14,4.15,4.3133333333333335,46.905,147.6,117.52,263741.0,779043.0,2953.8,5,2,20,0.49999999999999994,-0.8660254037844387,0.6631226582407952,-0.7485107481711012,25.668349358974364,25.63965201465201,25.562689393939394,25.185515873015873,25.675648882367632,0.11332078868258814,25.45287656787657,0.2563158810464501,24.756895485879856,1.2705272235959693,0
2022-05-29,25.845933952528377,MAÍZ BLANCO,MAÍZ,2022,5,4.14,4.15,4.3133333333333335,70.585,159.4,117.52,263741.0,779043.0,2953.8,5,2,21,0.49999999999999994,-0.8660254037844387,0.5680647467311558,-0.8229838658936564,25.69372843874392,25.668349358974364,25.831904761904763,25.21619047619048,25.708408643568767,0.08524282953207961,25.516403138592572,0.24323054824141963,25.08410723077519,0.8744414068240179,0
2022-06-05,26.842904217064405,MAÍZ BLANCO,MAÍZ,2022,6,4.14,4.15,4.3133333333333335,39.553,61.8,117.61,263741.0,779043.0,2953.8,6,2,22,1.2246467991473532e-16,-1.0,0.46472317204376906,-0.8854560256532096,25.845933952528377,25.69372843874392,25.63965201465201,25.158243978243977,25.711915941224667,0.09203574445633417,25.59512107313481,0.23391650100673114,25.333275159867654,0.5461989245658276,0
2022-06-12,27.689303118908384,MAÍZ BLANCO,MAÍZ,2022,6,4.14,4.15,4.3133333333333335,83.364,232.2,117.61,263741.0,779043.0,2953.8,6,2,23,1.2246467991473532e-16,-1.0,0.35460488704253584,-0.9350162426854147,26.842904217064405,25.845933952528377,25.668349358974364,25.360466686091684,26.012728991827768,0.5589782864368334,25.805703602987364,0.4463118175357384,25.582475511289687,0.48829396433172895,0
2022-06-19,28.20332792207792,MAÍZ BLANCO,MAÍZ,2022,6,4.14,4.15,4.3133333333333335,105.101,174.0,117.61,263741.0,779043.0,2953.8,6,2,24,1.2246467991473532e-16,-1.0,0.23931566428755768,-0.970941817426052,27.689303118908384,26.842904217064405,25.69372843874392,25.562689393939394,26.51796743181127,0.9324895211650027,26.096808157089452,0.7621525908488883,25.8079068558548,0.7442880103921153,0
2022-06-26,28.695537305831426,MAÍZ BLANCO,MAÍZ,2022,6,4.14,4.15,4.3133333333333335,86.691,109.4,117.61,263741.0,779043.0,2953.8,6,2,25,1.2246467991473532e-16,-1.0,0.12053668025532308,-0.992708874098054,28.20332792207792,27.689303118908384,25.845933952528377,25.831904761904763,27.14536730264477,1.0320138555302447,26.426887973106766,1.024462032327604,26.05939119327664,0.9855939672885852,0
2022-07-03,28.69293008516538,MAÍZ BLANCO,MAÍZ,2022,7,4.14,4.15,4.3133333333333335,54.334,101.6,117.67,263741.0,779043.0,2953.8,7,3,26,-0.4999999999999997,-0.8660254037844388,-3.216245299353273e-16,-1.0,28.695537305831426,28.20332792207792,26.842904217064405,25.63965201465201,27.857768140970535,0.7915381615595457,26.7848420410976,1.2600664973776996,26.349336762413387,1.2028302922921115,0
2022-07-10,28.70610754985755,MAÍZ BLANCO,MAÍZ,2022,7,4.14,4.15,4.3133333333333335,39.684,87.6,117.67,263741.0,779043.0,2953.8,7,3,27,-0.4999999999999997,-0.8660254037844388,-0.12053668025532283,-0.992708874098054,28.69293008516538,28.695537305831426,27.689303118908384,25.668349358974364,28.320274607995778,0.48010267805948503,27.166501799911774,1.324408194518547,26.643893937990168,1.3124359142225408,0
2022-07-17,29.16839177978884,MAÍZ BLANCO,MAÍZ,2022,7,4.14,4.15,4.3133333333333335,53.93300000000001,1188.8,117.67,263741.0,779043.0,2953.8,7,3,28,-0.4999999999999997,-0.8660254037844388,-0.23931566428755743,-0.9709418174260521,28.70610754985755,28.69293008516538,28.20332792207792,25.69372843874392,28.57447571573307,0.2474974550204173,27.54622157377217,1.2677780188553613,26.92269734330399,1.3691447802662349,0
2022-07-24,29.57201012996292,MAÍZ BLANCO,MAÍZ,2022,7,4.14,4.15,4.3133333333333335,48.858000000000004,73.2,117.67,263741.0,779043.0,2953.8,7,3,29,-0.4999999999999997,-0.8660254037844388,-0.3546048870425356,-0.9350162426854148,29.16839177978884,28.70610754985755,28.695537305831426,25.845933952528377,28.8157416801608,0.23516909857107604,27.980554491402785,1.1301941951282386,27.223172542124782,1.4374924335320343,0
2022-07-31,29.717378446115287,MAÍZ BLANCO,MAÍZ,2022,7,4.14,4.15,4.3133333333333335,66.57,78.8,117.67,263741.0,779043.0,2953.8,7,3,30,-0.4999999999999997,-0.8660254037844388,-0.46472317204376806,-0.8854560256532101,29.57201012996292,29.16839177978884,28.69293008516538,26.842904217064405,29.034859886193672,0.42085438434456385,28.446314013582104,0.8604021630631052,27.534847989462957,1.5119506493016879,0
2022-08-07,29.701501117046007,MAÍZ BLANCO,MAÍZ,2022,8,4.14,4.15,4.3133333333333335,80.179,98.4,117.86,263741.0,779043.0,2953.8,8,3,31,-0.8660254037844385,-0.5000000000000004,-0.5680647467311556,-0.8229838658936566,29.717378446115287,29.57201012996292,28.70610754985755,27.689303118908384,29.290971976431152,0.4538344864261698,28.80562329221346,0.6754786376893863,27.87465852541823,1.5055038248278005,1
2022-08-14,29.685623787976727,MAÍZ BLANCO,MAÍZ,2022,8,4.14,4.15,4.3133333333333335,103.039,88.6,117.86,263741.0,779043.0,2953.8,8,3,32,-0.8660254037844385,-0.5000000000000004,-0.663122658240795,-0.7485107481711013,29.701501117046007,29.717378446115287,29.16839177978884,28.20332792207792,29.539820368228263,0.25603574791539396,29.057148041980668,0.5662165763782002,28.210754505257537,1.4156908707560971,1
2022-08-21,29.907744755244757,MAÍZ BLANCO,MAÍZ,2022,8,4.14,4.15,4.3133333333333335,55.839,63.2,117.86,263741.0,779043.0,2953.8,8,3,33,-0.8660254037844385,-0.5000000000000004,-0.7485107481711011,-0.6631226582407952,29.685623787976727,29.701501117046007,29.57201012996292,28.695537305831426,29.669128370275235,0.06603058876640161,29.24243502521802,0.48337080065118,28.543412451026935,1.2268907683453318,1
2022-08-28,30.221911764705887,MAÍZ BLANCO,MAÍZ,2022,8,4.14,4.15,4.3133333333333335,91.795,978.8,117.86,263741.0,779043.0,2953.8,8,3,34,-0.8660254037844385,-0.5000000000000004,-0.8229838658936564,-0.5680647467311559,29.907744755244757,29.685623787976727,29.717378446115287,28.69293008516538,29.753062026595693,0.10393348494717108,29.393960956394682,0.47740225256837343,28.881896684586636,0.9423386769101808,1
2022-09-04,30.36543859649123,MAÍZ BLANCO,MAÍZ,2022,9,4.14,4.15,4.3133333333333335,84.33800000000001,284.6,117.97,263741.0,779043.0,2953.8,9,3,35,-1.0,-1.8369701987210297e-16,-0.8854560256532096,-0.4647231720437691,30.221911764705887,29.907744755244757,29.701501117046007,28.70610754985755,29.879195356243347,0.24987650249531704,29.585083666337248,0.4624817389170013,29.16348064689009,0.7660227744315226,1
2022-09-11,30.1142942025295,MAÍZ BLANCO,MAÍZ,2022,9,4.14,4.15,4.3133333333333335,83.703,88.4,117.97,263741.0,779043.0,2953.8,9,3,36,-1.0,-1.8369701987210297e-16,-0.9350162426854147,-0.3546048870425359,30.36543859649123,30.221911764705887,29.685623787976727,29.16839177978884,30.04517972610465,0.30657723409047755,29.79250004716646,0.3759574206904393,29.38649193668866,0.6828679430765103,1
2022-09-18,30.102777777777774,MAÍZ BLANCO,MAÍZ,2022,9,4.14,4.15,4.3133333333333335,89.37,136.2,117.97,263741.0,779043.0,2953.8,9,3,37,-1.0,-1.8369701987210297e-16,-0.970941817426052,-0.23931566428755774,30.1142942025295,30.36543859649123,29.907744755244757,29.57201012996292,30.15234732974284,0.19280867763832807,29.91073785000904,0.29071507898722765,29.54573912672629,0.5996133562381968,1
2022-09-25,29.955454545454547,MAÍZ BLANCO,MAÍZ,2022,9,4.14,4.130000000000001,4.276190476190476,101.237,128.4,117.97,263741.0,779043.0,2953.8,9,3,38,-1.0,-1.8369701987210297e-16,-0.992708874098054,-0.12053668025532357,30.102777777777774,30.1142942025295,30.221911764705887,29.717378446115287,30.201105585376098,0.1219874441343008,29.977083805985895,0.26146165481980205,29.663009166055158,0.5541020355488784,1
2022-10-02,29.94746278934266,MAÍZ BLANCO,MAÍZ,2022,10,4.14,4.140000000000001,4.294761904761905,59.042,101.4,120.26,263741.0,779043.0,2953.8,10,4,39,-0.8660254037844386,0.5000000000000001,-1.0,-1.8369701987210297e-16,29.955454545454547,30.102777777777774,30.36543859649123,29.701501117046007,30.13449128056326,0.17010240393431988,30.006843318403302,0.24037806559037708,29.76821953774592,0.4660237930728297,0
2022-10-09,29.818092117483598,MAÍZ BLANCO,MAÍZ,2022,10,4.14,4.15,4.3133333333333335,83.771,269.2,120.26,263741.0,779043.0,2953.8,10,4,40,-0.8660254037844386,0.5000000000000001,-0.992708874098054,0.1205366802553232,29.94746278934266,29.955454545454547,30.1142942025295,29.685623787976727,30.02999732877612,0.0908690145690487,30.037588527440388,0.20948963328961914,29.87166580770301,0.32537986639676914,0
2022-10-16,29.854697554697555,MAÍZ BLANCO,MAÍZ,2022,10,4.14,4.15,4.3133333333333335,110.181,128.2,120.26,263741.0,779043.0,2953.8,10,4,41,-0.8660254037844386,0.5000000000000001,-0.9709418174260521,0.23931566428755738,29.818092117483598,29.94746278934266,30.102777777777774,29.907744755244757,29.955946807514646,0.11638366190922037,30.054147068628744,0.18099224887059148,29.925807502510906,0.24077385401794363,0
2022-10-23,29.6742393571341,MAÍZ BLANCO,MAÍZ,2022,10,4.14,4.15,4.3133333333333335,43.091,128.4,120.26,263741.0,779043.0,2953.8,10,4,42,-0.8660254037844386,0.5000000000000001,-0.9350162426854148,0.35460488704253557,29.854697554697555,29.818092117483598,29.955454545454547,30.221911764705887,29.89392675174459,0.06817037082418798,30.047516168560346,0.18795975238488302,29.949364787905463,0.21551570963187036,0
2022-10-30,29.488893178893175,MAÍZ BLANCO,MAÍZ,2022,10,4.14,4.15,4.3133333333333335,22.781000000000002,1456.4,120.26,263741.0,779043.0,2953.8,10,4,43,-0.8660254037844386,0.5000000000000001,-0.8854560256532101,0.464723172043768,29.6742393571341,29.854697554697555,29.94746278934266,30.36543859649123,29.82362295466448,0.11350181318863586,29.97905711761387,0.21338452894707427,29.945769863823696,0.22004926931970836,0
2022-11-06,29.44684847198642,MAÍZ BLANCO,MAÍZ,2022,11,4.14,4.15,4.3133333333333335,36.47,82.2,122.51,263741.0,779043.0,2953.8,11,4,44,-0.5000000000000004,0.8660254037844384,-0.822983865893657,0.5680647467311548,29.488893178893175,29.6742393571341,29.818092117483598,30.1142942025295,29.708980552052108,0.16611660665444053,29.86948894041411,0.21168010106946714,29.928052535644294,0.24825586694092283,1
2022-11-13,29.128040100250626,MAÍZ BLANCO,MAÍZ,2022,11,4.14,4.15,4.3133333333333335,15.716,92.4,122.51,263741.0,779043.0,2953.8,11,4,45,-0.5000000000000004,0.8660254037844384,-0.7485107481711011,0.6631226582407952,29.44684847198642,29.488893178893175,29.854697554697555,30.102777777777774,29.61616964067781,0.18720453486965966,29.786058224096227,0.2319695577663863,29.9081545926451,0.27732082597835456,1
2022-11-20,29.133843873517787,MAÍZ BLANCO,MAÍZ,2022,11,4.14,4.15,4.3133333333333335,4.054,27.0,122.51,263741.0,779043.0,2953.8,11,4,46,-0.5000000000000004,0.8660254037844384,-0.6631226582407955,0.7485107481711007,29.128040100250626,29.44684847198642,29.6742393571341,29.955454545454547,29.43450527706608,0.2269388552543806,29.664216014405337,0.2904630572129609,29.843179204728923,0.35724858757827704,1
2022-11-27,29.130899122807016,MAÍZ BLANCO,MAÍZ,2022,11,4.14,4.15,4.3133333333333335,36.101,1402.8,122.51,263741.0,779043.0,2953.8,11,4,47,-0.5000000000000004,0.8660254037844384,-0.5680647467311559,0.8229838658936564,29.133843873517787,29.128040100250626,29.488893178893175,29.94746278934266,29.299406406162003,0.1952961535991242,29.56151468041324,0.3168315746959909,29.752506880463248,0.3890492726516178,1
2022-12-04,28.95442908346134,MAÍZ BLANCO,MAÍZ,2022,12,4.14,4.15,4.3133333333333335,12.138,82.0,119.27,263741.0,779043.0,2953.8,12,4,48,-2.4492935982947064e-16,1.0,-0.4647231720437684,0.88545602565321,29.130899122807016,29.133843873517787,29.44684847198642,29.818092117483598,29.20990789214046,0.15797815702091858,29.459444222096284,0.30608180863675905,29.649628590989565,0.37521585406795,1
2022-12-11,28.705672268907563,MAÍZ BLANCO,MAÍZ,2022,12,4.14,4.15,4.3133333333333335,0.131,8.4,119.27,263741.0,779043.0,2953.8,12,4,49,-2.4492935982947064e-16,1.0,-0.35460488704253595,0.9350162426854147,28.95442908346134,29.130899122807016,29.128040100250626,29.854697554697555,29.08680304500919,0.08828111169190853,29.3514863428435,0.3137276486952845,29.55297316440055,0.3935776780710568,1
2022-12-18,28.567331378299123,MAÍZ BLANCO,MAÍZ,2022,12,4.14,4.001428571428571,4.101904761904762,1.255,18.6,119.27,263741.0,779043.0,2953.8,12,4,50,-2.4492935982947064e-16,1.0,-0.2393156642875578,0.970941817426052,28.705672268907563,28.95442908346134,29.133843873517787,29.6742393571341,28.981211087173428,0.20194239407411177,29.20785818211975,0.31345930900793223,29.436547705328028,0.4217832618562726,1
2022-12-25,28.550560224089637,MAÍZ BLANCO,MAÍZ,2022,12,4.14,3.9766666666666666,4.066666666666666,5.291,396.0,119.27,263741.0,779043.0,2953.8,12,4,51,-2.4492935982947064e-16,1.0,-0.12053668025532363,0.992708874098054,28.567331378299123,28.705672268907563,29.130899122807016,29.488893178893175,28.83958296336876,0.2517324874505031,29.06949468476538,0.3223584286451404,29.320870774731745,0.45553277568746137,1
2023-01-01,28.644476540616246,MAÍZ BLANCO,MAÍZ,2023,1,3.9359523809523806,3.7888095238095234,3.85952380952381,0.748,7.2,119.1,255770.0,770000.0,3010.5,1,1,52,0.49999999999999994,0.8660254037844387,6.432490598706546e-16,1.0,28.550560224089637,28.567331378299123,28.95442908346134,29.44684847198642,28.694498238689416,0.1867069588450189,28.95220306541494,0.3186453428121963,29.20446222762733,0.4593236728227962,0
2023-01-08,28.738392857142856,MAÍZ BLANCO,MAÍZ,2023,1,4.011666666666667,3.7816666666666663,3.8483333333333336,0.407,12.6,119.1,255770.0,770000.0,3010.5,1,1,1,0.49999999999999994,0.8660254037844387,0.12053668025532305,0.992708874098054,28.644476540616246,28.550560224089637,28.705672268907563,29.128040100250626,28.617010102978142,0.07187708710871493,28.851906573993666,0.2619406769705104,29.106660929555048,0.44138437193226865,0
2023-01-15,28.7958581270346,MAÍZ BLANCO,MAÍZ,2023,1,4.468095238095238,3.9652380952380955,4.078571428571428,1.184,14.0,119.1,255770.0,770000.0,3010.5,1,1,2,0.49999999999999994,0.8660254037844387,0.23931566428755774,0.970941817426052,28.738392857142856,28.644476540616246,28.567331378299123,29.133843873517787,28.625190250036965,0.08583721234872745,28.803200668605193,0.2384317649004724,29.013635538092156,0.3831970417384655,0
2023-01-22,29.278739879761552,MAÍZ BLANCO,MAÍZ,2023,1,4.493333333333333,3.98,4.1066666666666665,0.037000000000000005,1.2,119.1,255770.0,770000.0,3010.5,1,1,3,0.49999999999999994,0.8660254037844387,0.3546048870425356,0.9350162426854148,28.7958581270346,28.738392857142856,28.550560224089637,29.130899122807016,28.682321937220834,0.10774636505795966,28.7609524502948,0.19798904513471605,28.94043710225053,0.3250137288969448,0
2023-01-29,29.589835526315788,MAÍZ BLANCO,MAÍZ,2023,1,4.633333333333333,4.177142857142857,4.349523809523809,0.025,0.8,119.1,255770.0,770000.0,3010.5,1,1,4,0.49999999999999994,0.8660254037844387,0.4647231720437685,0.8854560256532099,29.278739879761552,28.7958581270346,28.644476540616246,28.95442908346134,28.86436685113881,0.28320760815654233,28.779432544914116,0.23991331898575197,28.9229243273229,0.2972506590747199,0
2023-02-05,30.223137254901964,MAÍZ BLANCO,MAÍZ,2023,2,4.656666666666666,4.21,4.39,0.008,0.4,120.58,255770.0,770000.0,3010.5,2,1,5,0.8660254037844386,0.5000000000000001,0.5680647467311558,0.8229838658936564,29.589835526315788,29.278739879761552,28.738392857142856,28.705672268907563,29.1007065975637,0.4062621464825742,28.85885835027092,0.3738927156467512,28.934839915183677,0.32199770759994545,0
2023-02-12,30.52123126277538,MAÍZ BLANCO,MAÍZ,2023,2,4.6223809523809525,4.301428571428572,4.51,0.137,4.8,120.58,255770.0,770000.0,3010.5,2,1,6,0.8660254037844386,0.5000000000000001,0.6631226582407952,0.7485107481711011,30.223137254901964,29.589835526315788,28.7958581270346,28.567331378299123,29.471892697003476,0.5979436002834312,29.048541473520224,0.6010138809698258,29.026098011404624,0.4920231889583919,0
2023-02-19,30.439069264069264,MAÍZ BLANCO,MAÍZ,2023,2,4.616666666666667,4.316666666666666,4.53,0.012,0.4,120.58,255770.0,770000.0,3010.5,2,1,7,0.8660254037844386,0.5000000000000001,0.7485107481711011,0.6631226582407953,30.52123126277538,30.223137254901964,29.278739879761552,28.550560224089637,29.90323598093867,0.5693476438869961,29.29277895907975,0.754847218282621,29.141713627176088,0.6554918780739462,0
2023-02-26,30.06686264715676,MAÍZ BLANCO,MAÍZ,2023,2,4.3966666666666665,4.302380952380952,4.512857142857143,0.047,1.2,120.58,255770.0,770000.0,3010.5,2,1,8,0.8660254037844386,0.5000000000000001,0.8229838658936564,0.5680647467311559,30.439069264069264,30.52123126277538,29.589835526315788,28.644476540616246,30.1933183270156,0.4215056645337694,29.528842589077207,0.7842962973378584,29.250727805614606,0.7547890268928377,0
2023-03-05,29.978805879718664,MAÍZ BLANCO,MAÍZ,2023,3,4.359999999999999,4.3,4.510000000000001,1.17,95.0,119.52,255770.0,770000.0,3010.5,3,1,9,1.0,6.123233995736766e-17,0.8854560256532099,0.4647231720437686,30.06686264715676,30.439069264069264,30.223137254901964,28.738392857142856,30.312575107225843,0.20648801855942572,29.70664085239477,0.7131729173049406,29.343430602589226,0.782880965660143,0
2023-03-12,30.046433982683983,MAÍZ BLANCO,MAÍZ,2023,3,4.185714285714285,4.217142857142858,4.432857142857143,3.166,20.0,119.52,255770.0,770000.0,3010.5,3,1,10,1.0,6.123233995736766e-17,0.9350162426854148,0.35460488704253557,29.978805879718664,30.06686264715676,30.52123126277538,28.7958581270346,30.251492263430016,0.2685704240377658,29.861692480216746,0.5981579859759466,29.44952507015682,0.7748209346416166,0
2023-03-19,29.995843837535013,MAÍZ BLANCO,MAÍZ,2023,3,4.156666666666666,4.203333333333334,4.420000000000001,12.282,64.2,119.52,255770.0,770000.0,3010.5,3,1,11,1.0,6.123233995736766e-17,0.970941817426052,0.23931566428755804,30.046433982683983,29.978805879718664,30.439069264069264,29.278739879761552,30.132792943407168,0.20762295509135198,30.018014462172918,0.41527699727782713,29.572783620522227,0.7385209288220876,0
2023-03-26,28.250879917184267,MAÍZ BLANCO,MAÍZ,2023,3,4.133809523809524,4.234761904761904,4.451428571428572,0.288,4.8,119.52,255770.0,770000.0,3010.5,3,1,12,1.0,6.123233995736766e-17,0.992708874098054,0.120536680255323,29.995843837535013,30.046433982683983,30.06686264715676,29.589835526315788,30.021986586773608,0.04147108535609966,30.1076524568946,0.29200532257677514,29.69322392164267,0.6714647263995817,0
2023-04-02,28.304595047401115,MAÍZ BLANCO,MAÍZ,2023,4,4.13,4.239999999999999,4.456666666666667,0.47700000000000004,13.6,118.79,255770.0,770000.0,3010.5,4,2,13,0.8660254037844387,-0.4999999999999998,1.0,-1.6081226496766366e-16,28.250879917184267,29.995843837535013,29.978805879718664,30.223137254901964,29.56799090428048,0.8785435311052285,29.940283005753162,0.7123642110322655,29.660424203023343,0.7340478660561064,0
2023-04-09,28.24533323798627,MAÍZ BLANCO,MAÍZ,2023,4,4.032857142857143,4.282857142857143,4.473809523809524,2.64,41.0,118.79,255770.0,770000.0,3010.5,4,2,14,0.8660254037844387,-0.4999999999999998,0.992708874098054,-0.12053668025532288,28.304595047401115,28.250879917184267,30.046433982683983,30.52123126277538,29.149438196201093,1.0070039519144256,29.700465229815556,0.9013963318658452,29.624274385544865,0.7919790028828895,0
2023-04-16,28.186071428571424,MAÍZ BLANCO,MAÍZ,2023,4,4.016666666666667,4.29,4.476666666666667,6.841,77.6,118.79,255770.0,770000.0,3010.5,4,2,15,0.8660254037844387,-0.4999999999999998,0.9709418174260521,-0.2393156642875575,28.24533323798627,28.304595047401115,29.995843837535013,30.439069264069264,28.699163010026666,0.8648668951302424,29.415977976716917,0.962429640106446,29.578397311457504,0.8575592675529464,0
2023-04-23,28.04087354561039,MAÍZ BLANCO,MAÍZ,2023,4,3.9852380952380955,4.39,4.656666666666666,22.759,114.0,118.79,255770.0,770000.0,3010.5,4,2,16,0.8660254037844387,-0.4999999999999998,0.9350162426854148,-0.35460488704253545,28.186071428571424,28.24533323798627,28.250879917184267,30.06686264715676,28.24671990778577,0.04846647758216938,29.134353247279687,0.9498383406933795,29.487341607191656,0.9457450148118977,0
2023-04-30,27.979187479187473,MAÍZ BLANCO,MAÍZ,2023,4,3.98,4.406666666666666,4.6866666666666665,10.62,62.0,118.79,255770.0,770000.0,3010.5,4,2,17,0.8660254037844387,-0.4999999999999998,0.8854560256532099,-0.4647231720437685,28.04087354561039,28.186071428571424,28.304595047401115,29.978805879718664,28.194218314892296,0.11310282705706001,28.881104609586387,0.9356735703158776,29.358261442132875,1.0322347576996216,0
2023-05-07,27.92217772692601,MAÍZ BLANCO,MAÍZ,2023,5,3.8685714285714288,4.360952380952381,4.720952380952381,10.253,53.6,117.81,255770.0,770000.0,3010.5,5,2,18,0.49999999999999994,-0.8660254037844387,0.8229838658936565,-0.5680647467311557,27.979187479187473,28.04087354561039,28.24533323798627,30.046433982683983,28.11286642283889,0.12377326626645532,28.63115230951999,0.8649601497428941,29.171265627489998,1.06407536269625,0
2023-05-14,27.868361644076746,MAÍZ BLANCO,MAÍZ,2023,5,3.85,4.353333333333333,4.726666666666667,21.201,98.0,117.81,255770.0,770000.0,3010.5,5,2,19,0.49999999999999994,-0.8660254037844387,0.7485107481711013,-0.663122658240795,27.92217772692601,27.979187479187473,28.186071428571424,29.995843837535013,28.032077545073825,0.11352946002146753,28.365620277550246,0.6732285844938654,28.954677832835888,1.0282248713122075,0
2023-05-21,27.756265328874026,MAÍZ BLANCO,MAÍZ,2023,5,3.6900000000000004,4.17047619047619,4.4780952380952375,6.533,41.4,117.81,255770.0,770000.0,3010.5,5,2,20,0.49999999999999994,-0.8660254037844387,0.6631226582407952,-0.7485107481711012,27.868361644076746,27.92217772692601,28.04087354561039,28.250879917184267,27.952650098950155,0.0742085308932072,28.09968500336796,0.16755460579274084,28.740452197836515,0.9561125701309056,0
2023-05-28,27.79902305932054,MAÍZ BLANCO,MAÍZ,2023,5,3.6633333333333336,4.14,4.4366666666666665,38.768,82.8,117.81,255770.0,770000.0,3010.5,5,2,21,0.49999999999999994,-0.8660254037844387,0.5680647467311558,-0.8229838658936564,27.756265328874026,27.868361644076746,27.979187479187473,28.304595047401115,27.881498044766065,0.09496290554869556,28.037858179829183,0.19310195066372632,28.54790242131295,0.8954439137853037,0
2023-06-04,27.629880662815445,MAÍZ BLANCO,MAÍZ,2023,6,3.6176190476190477,4.137142857142857,4.359523809523809,49.629999999999995,147.8,118.68,255770.0,770000.0,3010.5,6,2,22,1.2246467991473532e-16,-1.0,0.46472317204376906,-0.8854560256532096,27.79902305932054,27.756265328874026,27.92217772692601,28.24533323798627,27.836456939799334,0.07348005028783909,27.974661681319112,0.17523935562773496,28.36625385294644,0.7941490009582058,0
2023-06-11,27.649584790209794,MAÍZ BLANCO,MAÍZ,2023,6,3.61,4.136666666666667,4.346666666666667,27.869,96.8,118.68,255770.0,770000.0,3010.5,6,2,23,1.2246467991473532e-16,-1.0,0.35460488704253584,-0.9350162426854147,27.629880662815445,27.79902305932054,27.868361644076746,28.186071428571424,27.76338267377169,0.10027340095273948,27.897730109422756,0.17452995953294853,28.164874409624062,0.6157032222970706,0
2023-06-18,27.70175407925408,MAÍZ BLANCO,MAÍZ,2023,6,3.6014285714285714,4.1709523809523805,4.383809523809523,68.989,87.2,118.68,255770.0,770000.0,3010.5,6,2,24,1.2246467991473532e-16,-1.0,0.23931566428755768,-0.970941817426052,27.649584790209794,27.629880662815445,27.756265328874026,28.04087354561039,27.70868846030495,0.08191013564826384,27.83066927962755,0.14913229572541997,27.96935282234696,0.23823691230908497,0
2023-06-25,27.716325757575753,MAÍZ BLANCO,MAÍZ,2023,6,3.6,4.176666666666667,4.39,55.077,183.4,118.68,255770.0,770000.0,3010.5,6,2,25,1.2246467991473532e-16,-1.0,0.12053668025532308,-0.992708874098054,27.70175407925408,27.649584790209794,27.79902305932054,27.979187479187473,27.695060647899965,0.07565154569843162,27.788279346333013,0.12747052056431263,27.923592335852774,0.23189896054872697,0
2023-07-02,27.951950558213717,MAÍZ BLANCO,MAÍZ,2023,7,3.625714285714286,4.153809523809524,4.415714285714286,69.562,134.8,118.48,255770.0,770000.0,3010.5,7,3,26,-0.4999999999999997,-0.8660254037844388,-3.216245299353273e-16,-1.0,27.716325757575753,27.70175407925408,27.629880662815445,27.92217772692601,27.674386322463768,0.04124633346071001,27.755421631131547,0.10270311126845182,27.874569895033996,0.2046074687068554,0
2023-07-09,28.341660943223438,MAÍZ BLANCO,MAÍZ,2023,7,3.6300000000000003,4.1499999999999995,4.420000000000001,59.797,82.6,118.48,255770.0,770000.0,3010.5,7,3,27,-0.4999999999999997,-0.8660254037844388,-0.12053668025532283,-0.992708874098054,27.951950558213717,27.716325757575753,27.649584790209794,27.868361644076746,27.754903796313336,0.13445281318258326,27.75914323504251,0.10989652565653152,27.850121338386284,0.17105445869876656,0
2023-07-16,28.562878787878788,MAÍZ BLANCO,MAÍZ,2023,7,3.670000000000001,4.121428571428572,4.420000000000001,36.95399999999999,55.2,118.48,255770.0,770000.0,3010.5,7,3,28,-0.4999999999999997,-0.8660254037844388,-0.23931566428755743,-0.9709418174260521,28.341660943223438,27.951950558213717,27.70175407925408,27.756265328874026,27.92792283456675,0.29870954840729735,27.81830564743585,0.23419693044543324,27.863087131273954,0.20194222505315215,0
2023-07-23,28.702703655040615,MAÍZ BLANCO,MAÍZ,2023,7,3.676666666666667,4.116666666666667,4.420000000000001,14.284,51.4,118.48,255770.0,770000.0,3010.5,7,3,29,-0.4999999999999997,-0.8660254037844388,-0.3546048870425356,-0.9350162426854148,28.562878787878788,28.341660943223438,27.716325757575753,27.79902305932054,28.143204011722922,0.38048872026419284,27.919132329811443,0.3491109968643435,27.906587568129652,0.2834816303660742,0
2023-07-30,28.89846767001115,MAÍZ BLANCO,MAÍZ,2023,7,3.7652380952380953,4.2195238095238095,4.522857142857143,56.133,110.0,118.48,255770.0,770000.0,3010.5,7,3,30,-0.4999999999999997,-0.8660254037844388,-0.46472317204376806,-0.8854560256532101,28.702703655040615,28.562878787878788,27.951950558213717,27.629880662815445,28.389798486089138,0.3275639716666016,28.03209240427645,0.4392570634280016,27.966880582784082,0.3654246953470668,0
2023-08-06,28.74358974358974,MAÍZ BLANCO,MAÍZ,2023,8,3.78,4.236666666666666,4.54,66.96600000000001,154.0,119.73,255770.0,770000.0,3010.5,8,3,31,-0.8660254037844385,-0.5000000000000004,-0.5680647467311556,-0.8229838658936566,28.89846767001115,28.702703655040615,28.341660943223438,27.649584790209794,28.626427764038496,0.23448833417876505,28.19066578017592,0.498325061173399,28.048238078041177,0.4528008732541266,1
2023-08-13,29.09113439001883,MAÍZ BLANCO,MAÍZ,2023,8,4.017142857142857,4.462380952380952,4.751428571428571,26.945999999999998,93.4,119.73,255770.0,770000.0,3010.5,8,3,32,-0.8660254037844385,-0.5000000000000004,-0.663122658240795,-0.7485107481711013,28.74358974358974,28.89846767001115,28.562878787878788,27.70175407925408,28.726909964130073,0.13808503862004287,28.327416399348408,0.4783372216060194,28.12117375300059,0.4901426503043093,1
2023-08-20,29.286245900104596,MAÍZ BLANCO,MAÍZ,2023,8,4.056666666666667,4.5,4.786666666666666,60.285,148.8,119.73,255770.0,770000.0,3010.5,8,3,33,-0.8660254037844385,-0.5000000000000004,-0.7485107481711011,-0.6631226582407952,29.09113439001883,28.74358974358974,28.702703655040615,27.716325757575753,28.85897386466508,0.17624995887059303,28.501088938194002,0.47088975165737745,28.232412841429323,0.5478730655870651,1
2023-08-27,29.274690888821322,MAÍZ BLANCO,MAÍZ,2023,8,4.290952380952381,4.668571428571428,4.926666666666667,70.525,123.2,119.73,255770.0,770000.0,3010.5,8,3,34,-0.8660254037844385,-0.5000000000000004,-0.8229838658936564,-0.5680647467311559,29.286245900104596,29.09113439001883,28.89846767001115,27.951950558213717,29.00485942593108,0.23537400728391425,28.697328956010107,0.42167983046628404,28.356348078161332,0.6060476993999863,1
2023-09-03,29.400888694638695,MAÍZ BLANCO,MAÍZ,2023,9,4.329999999999999,4.696666666666666,4.95,71.575,532.4,120.39,255770.0,770000.0,3010.5,9,3,35,-1.0,-1.8369701987210297e-16,-0.8854560256532096,-0.4647231720437691,29.274690888821322,29.286245900104596,28.74358974358974,28.341660943223438,29.098915230633622,0.253184125989683,28.86267149733606,0.3388530557495238,28.49341559699515,0.6127716843927324,1
2023-09-10,29.35219766646397,MAÍZ BLANCO,MAÍZ,2023,9,4.432857142857143,4.69952380952381,4.907142857142857,59.03,57.2,120.39,255770.0,770000.0,3010.5,9,3,36,-1.0,-1.8369701987210297e-16,-0.9350162426854147,-0.3546048870425359,29.400888694638695,29.274690888821322,29.09113439001883,28.562878787878788,29.263239968395858,0.1280987879428191,28.99507496626297,0.3120737273328857,28.639357589030894,0.6019852551141199,1
2023-09-17,29.186092254784686,MAÍZ BLANCO,MAÍZ,2023,9,4.45,4.7,4.8999999999999995,102.444,104.2,120.39,255770.0,770000.0,3010.5,9,3,37,-1.0,-1.8369701987210297e-16,-0.970941817426052,-0.23931566428755774,29.35219766646397,29.400888694638695,29.286245900104596,28.702703655040615,29.328505787507147,0.059111566204059024,29.093739826086114,0.27892526621139635,28.77689455463172,0.555001421185051,1
2023-09-24,29.10078308359737,MAÍZ BLANCO,MAÍZ,2023,9,4.5528571428571425,4.662857142857143,4.845714285714286,95.62,85.0,120.39,255770.0,770000.0,3010.5,9,3,38,-1.0,-1.8369701987210297e-16,-0.992708874098054,-0.12053668025532357,29.186092254784686,29.35219766646397,29.274690888821322,28.89846767001115,29.303467376177167,0.0939335932610248,29.154163401054124,0.2302193815978201,28.899375096065796,0.45235858069914286,1
2023-10-01,28.848568357807487,MAÍZ BLANCO,MAÍZ,2023,10,4.569999999999999,4.656666666666666,4.836666666666667,62.363,92.2,120.62,255770.0,770000.0,3010.5,10,4,39,-0.8660254037844386,0.5000000000000001,-1.0,-1.8369701987210297e-16,29.10078308359737,29.186092254784686,29.400888694638695,28.74358974358974,29.259990424871184,0.14043078352383045,29.1794528277524,0.20817556335230475,28.99511113984777,0.34163755148383235,0
2023-10-08,28.133632478632478,MAÍZ BLANCO,MAÍZ,2023,10,4.644285714285714,4.596666666666667,4.776666666666666,82.18100000000001,95.4,120.62,255770.0,770000.0,3010.5,10,4,40,-0.8660254037844386,0.5000000000000001,-0.992708874098054,0.1205366802553232,28.848568357807487,29.10078308359737,29.35219766646397,29.09113439001883,29.12191034066338,0.21001092916597,29.19257515452962,0.17788029557377877,29.037353424396432,0.2791127310010606,0
2023-10-15,27.832216276477148,MAÍZ BLANCO,MAÍZ,2023,10,4.656666666666666,4.586666666666667,4.766666666666667,56.468,96.8,120.62,255770.0,770000.0,3010.5,10,4,41,-0.8660254037844386,0.5000000000000001,-0.9709418174260521,0.23931566428755738,28.133632478632478,28.848568357807487,29.186092254784686,29.286245900104596,28.817269043705505,0.4777549483485789,29.072887415606328,0.4171258666187292,29.00158289862591,0.3609550568375688,0
2023-10-22,27.749968253968255,MAÍZ BLANCO,MAÍZ,2023,10,4.5338095238095235,4.320952380952381,4.535238095238095,31.659,957.0,120.62,255770.0,770000.0,3010.5,10,4,42,-0.8660254037844386,0.5000000000000001,-0.9350162426854148,0.35460488704253557,27.832216276477148,28.133632478632478,29.10078308359737,29.274690888821322,28.478800049128623,0.5946435133894676,28.891133712652895,0.591297083233048,28.929042283745627,0.49065057819238417,0
2023-10-29,26.864231623683956,MAÍZ BLANCO,MAÍZ,2023,10,4.513333333333333,4.276666666666666,4.496666666666667,70.754,84.4,120.62,255770.0,770000.0,3010.5,10,4,43,-0.8660254037844386,0.5000000000000001,-0.8854560256532101,0.464723172043768,27.749968253968255,27.832216276477148,28.848568357807487,29.400888694638695,28.14109634172134,0.4996533593508143,28.70054338329626,0.6878507720252162,28.833333999075382,0.5975311129458943,0
2023-11-05,26.352681992337168,MAÍZ BLANCO,MAÍZ,2023,11,4.3933333333333335,4.036666666666667,4.225238095238095,71.204,170.0,122.34,255770.0,770000.0,3010.5,11,4,44,-0.5000000000000004,0.8660254037844384,-0.822983865893657,0.5680647467311548,26.864231623683956,27.749968253968255,28.133632478632478,29.35219766646397,27.64501215819046,0.5460247932579674,28.383461249426922,0.8774312735355705,28.676720822416566,0.8258579906796382,1
2023-11-12,26.70683284457478,MAÍZ BLANCO,MAÍZ,2023,11,4.373333333333334,3.9966666666666666,4.18,35.12,83.4,122.34,255770.0,770000.0,3010.5,11,4,45,-0.5000000000000004,0.8660254037844384,-0.7485107481711011,0.6631226582407952,26.352681992337168,26.864231623683956,27.832216276477148,29.186092254784686,27.19977453661663,0.7148077844016897,28.00852179016107,1.031654485271345,28.448516455943093,1.0491098699996224,1
2023-11-19,26.386914296611096,MAÍZ BLANCO,MAÍZ,2023,11,4.259047619047618,3.888095238095238,4.005714285714285,12.363999999999999,51.2,122.34,255770.0,770000.0,3010.5,11,4,46,-0.5000000000000004,0.8660254037844384,-0.6631226582407955,0.7485107481711007,26.70683284457478,26.352681992337168,27.749968253968255,29.10078308359737,26.918428678641042,0.5942046494149082,27.698614363884833,0.9992538536243427,28.233565367982276,1.1234755429042627,1
2023-11-26,25.316964285714285,MAÍZ BLANCO,MAÍZ,2023,11,4.239999999999999,3.8699999999999997,3.9766666666666666,4.182,33.6,122.34,255770.0,770000.0,3010.5,11,4,47,-0.5000000000000004,0.8660254037844384,-0.5680647467311559,0.8229838658936564,26.386914296611096,26.70683284457478,26.864231623683956,28.848568357807487,26.57766518930175,0.24886940783025613,27.359380765511546,0.9120935354372498,27.992917318631427,1.1876412940217376,1
2023-12-03,24.74082341269841,MAÍZ BLANCO,MAÍZ,2023,12,4.054285714285714,3.7785714285714285,3.890952380952381,0.576,6.8,114.17,255770.0,770000.0,3010.5,12,4,48,-2.4492935982947064e-16,1.0,-0.4647231720437684,0.88545602565321,25.316964285714285,26.386914296611096,26.352681992337168,28.133632478632478,26.190848354809333,0.6040268591340493,26.917930256499893,0.9425011783509853,27.652590284554392,1.3247257566331707,1
2023-12-10,23.870934343434342,MAÍZ BLANCO,MAÍZ,2023,12,4.023333333333333,3.763333333333333,3.8766666666666674,0.227,11.8,114.17,255770.0,770000.0,3010.5,12,4,49,-2.4492935982947064e-16,1.0,-0.35460488704253595,0.9350162426854147,24.74082341269841,25.316964285714285,26.70683284457478,27.832216276477148,25.787883709899642,0.9167706957913835,26.493829123258138,1.0717893879625868,27.26830909674059,1.4498131014615812,1
2023-12-17,23.893754247278274,MAÍZ BLANCO,MAÍZ,2023,12,3.8376190476190475,3.723333333333333,3.8423809523809522,0.032,1.2,114.17,255770.0,770000.0,3010.5,12,4,50,-2.4492935982947064e-16,1.0,-0.2393156642875578,0.970941817426052,23.870934343434342,24.74082341269841,26.386914296611096,27.749968253968255,25.078909084614533,1.0553124040245394,25.998668881627786,1.2631002098034274,26.82537927079473,1.6133409526772868,1
2023-12-24,23.898094405594406,MAÍZ BLANCO,MAÍZ,2023,12,3.778809523809524,3.705238095238095,3.8245238095238094,0.082,5.0,114.17,255770.0,770000.0,3010.5,12,4,51,-2.4492935982947064e-16,1.0,-0.12053668025532363,0.992708874098054,23.893754247278274,23.870934343434342,25.316964285714285,26.864231623683956,24.455619072281326,0.7025680053010414,25.51664213079154,1.234780072852928,26.391460201101477,1.645630384439953,1
2023-12-31,23.883044787338264,MAÍZ BLANCO,MAÍZ,2023,12,3.5688095238095237,3.6238095238095234,3.730238095238095,25.959000000000003,2240.8,114.17,255770.0,770000.0,3010.5,12,4,52,-2.4492935982947064e-16,1.0,6.432490598706546e-16,1.0,23.898094405594406,23.893754247278274,24.74082341269841,26.352681992337168,24.10090160225136,0.4267808373160641,25.145874978530344,1.217534150065056,25.97892070508372,1.593347518199293,1
2024-01-07,23.86799516908212,MAÍZ BLANCO,MAÍZ,2024,1,3.5823809523809524,3.6309523809523805,3.735238095238095,0.14200000000000002,6.0,114.66,254525.0,785000.0,3084.2,1,1,1,0.49999999999999994,0.8660254037844387,0.12053668025532305,0.992708874098054,23.883044787338264,23.898094405594406,23.870934343434342,26.70683284457478,23.88645694591132,0.012128136537260043,24.837170327905483,1.1803567426052632,25.624705064142532,1.5424481085521633,0
2024-01-14,24.418042220936957,MAÍZ BLANCO,MAÍZ,2024,1,3.7409523809523813,3.723809523809524,3.8809523809523805,0.027,1.2,114.66,254525.0,785000.0,3084.2,1,1,2,0.49999999999999994,0.8660254037844387,0.23931566428755774,0.970941817426052,23.86799516908212,23.883044787338264,23.893754247278274,26.386914296611096,23.885722152323265,0.013403997129758635,24.4823156184689,0.9402873362103916,25.294353305192946,1.4483201658367963,0
2024-01-21,24.534823968705545,MAÍZ BLANCO,MAÍZ,2024,1,3.7466666666666666,3.73,3.896666666666666,0.026000000000000002,1.0,114.66,254525.0,785000.0,3084.2,1,1,3,0.49999999999999994,0.8660254037844387,0.3546048870425356,0.9350162426854148,24.418042220936957,23.86799516908212,23.898094405594406,25.316964285714285,24.01679414573794,0.26778080120746695,24.236206609009635,0.5452469572871832,25.016692802440335,1.2390126719118666,0
2024-01-28,24.471293706293704,MAÍZ BLANCO,MAÍZ,2024,1,3.818095238095238,3.7871428571428574,4.013809523809523,0.152,3.8,114.66,254525.0,785000.0,3084.2,1,1,4,0.49999999999999994,0.8660254037844387,0.4647231720437685,0.8854560256532099,24.534823968705545,24.418042220936957,23.883044787338264,24.74082341269841,24.175976536515723,0.35025172258666,24.13843906938354,0.36365740320407247,24.822575497858804,1.0976543566916894,0
2024-02-04,24.419502790834315,MAÍZ BLANCO,MAÍZ,2024,2,3.8300000000000005,3.796666666666667,4.033333333333332,0.749,10.4,116.87,254525.0,785000.0,3084.2,2,1,5,0.8660254037844386,0.5000000000000001,0.5680647467311558,0.8229838658936564,24.471293706293704,24.534823968705545,23.86799516908212,23.870934343434342,24.323038766254584,0.3070954417067869,24.104747856082952,0.308121376303996,24.665793140688518,0.988134168144856,0
2024-02-11,24.121115967365967,MAÍZ BLANCO,MAÍZ,2024,2,3.9328571428571424,3.8680952380952385,4.116190476190476,1.8419999999999999,50.4,116.87,254525.0,785000.0,3084.2,2,1,6,0.8660254037844386,0.5000000000000001,0.6631226582407952,0.7485107481711011,24.419502790834315,24.471293706293704,24.418042220936957,23.893754247278274,24.460915671692632,0.055146167739544213,24.17331891200795,0.3096905068696343,24.475182302876807,0.7507164119271443,0
2024-02-18,23.9017803030303,MAÍZ BLANCO,MAÍZ,2024,2,3.9499999999999997,3.8800000000000003,4.13,0.011,0.6,116.87,254525.0,785000.0,3084.2,2,1,7,0.8660254037844386,0.5000000000000001,0.7485107481711011,0.6631226582407953,24.121115967365967,24.419502790834315,24.534823968705545,23.898094405594406,24.38668410829988,0.1832190908128986,24.20173912701891,0.2901882509706727,24.286365775439716,0.4514773752690782,0
2024-02-25,23.313949362041466,MAÍZ BLANCO,MAÍZ,2024,2,4.075714285714286,3.9971428571428573,4.224285714285714,0.009000000000000001,0.6,116.87,254525.0,785000.0,3084.2,2,1,8,0.8660254037844386,0.5000000000000001,0.8229838658936564,0.5680647467311559,23.9017803030303,24.121115967365967,24.471293706293704,23.883044787338264,24.22842319188107,0.26690067889004054,24.202199864198395,0.2896396845391589,24.16843377688272,0.32488141122889497,0
2024-03-03,23.132878787878788,MAÍZ BLANCO,MAÍZ,2024,3,4.096666666666667,4.016666666666667,4.239999999999999,0.05,2.0,114.99,254525.0,785000.0,3084.2,3,1,9,1.0,6.123233995736766e-17,0.8854560256532099,0.4647231720437686,23.313949362041466,23.9017803030303,24.419502790834315,23.86799516908212,23.93908710581801,0.4676618197918617,24.131062936036297,0.4198440729484012,24.04952760599464,0.3559720156642883,0
2024-03-10,22.787138274638274,MAÍZ BLANCO,MAÍZ,2024,3,4.088095238095238,4.085238095238095,4.325714285714286,0.006,0.2,114.99,254525.0,785000.0,3084.2,3,1,10,1.0,6.123233995736766e-17,0.9350162426854148,0.35460488704253557,23.132878787878788,23.313949362041466,24.121115967365967,24.418042220936957,23.617431105079127,0.4695547619225386,24.03917338838588,0.546874332784937,23.988022976365006,0.44280433848861966,0
2024-03-17,22.30128053106314,MAÍZ BLANCO,MAÍZ,2024,3,4.086666666666667,4.096666666666667,4.34,0.81,39.6,114.99,254525.0,785000.0,3084.2,3,1,11,1.0,6.123233995736766e-17,0.970941817426052,0.23931566428755804,22.787138274638274,23.132878787878788,23.9017803030303,24.534823968705545,23.283936681897206,0.4662826917736694,23.835310395098546,0.674544303801202,23.895804978645007,0.5631098769208244,0
2024-03-24,21.649242424242424,MAÍZ BLANCO,MAÍZ,2024,3,3.9895238095238095,4.173809523809523,4.474285714285714,0.595,27.2,114.99,254525.0,785000.0,3084.2,3,1,12,1.0,6.123233995736766e-17,0.992708874098054,0.120536680255323,22.30128053106314,22.787138274638274,23.313949362041466,24.471293706293704,22.88381173890542,0.44562358425148163,23.556117465393246,0.7951108613311274,23.7627371557674,0.7272637695174191,0
2024-03-31,21.496696532634033,MAÍZ BLANCO,MAÍZ,2024,3,3.973333333333333,4.1866666666666665,4.496666666666667,0.131,10.4,114.99,254525.0,785000.0,3084.2,3,1,13,1.0,6.123233995736766e-17,1.0,-1.6081226496766366e-16,21.649242424242424,22.30128053106314,23.132878787878788,24.419502790834315,22.467635004455655,0.6434469305245872,23.20336105513683,0.9432873493030587,23.576586958842753,0.9465056211314701,0
2024-04-07,21.344150641025642,MAÍZ BLANCO,MAÍZ,2024,4,3.967619047619048,4.2838095238095235,4.59952380952381,12.257000000000001,67.8,117.56,254525.0,785000.0,3084.2,4,2,14,0.8660254037844387,-0.4999999999999998,0.992708874098054,-0.12053668025532288,21.496696532634033,21.649242424242424,22.787138274638274,24.121115967365967,22.058589440644464,0.5980443096154173,22.838010272861798,0.9705955963574143,23.378978739138745,1.1130236923588293,0
2024-04-14,21.165069169960475,MAÍZ BLANCO,MAÍZ,2024,4,3.9666666666666663,4.3,4.616666666666667,6.317,37.6,117.56,254525.0,785000.0,3084.2,4,2,15,0.8660254037844387,-0.4999999999999998,0.9709418174260521,-0.2393156642875575,21.344150641025642,21.496696532634033,22.30128053106314,23.9017803030303,21.69784253224131,0.4211322262612784,22.490889607069256,0.9423151584624911,23.122821107479467,1.2022898916744957,0
2024-04-21,21.134901656314703,MAÍZ BLANCO,MAÍZ,2024,4,3.986666666666667,4.354285714285714,4.679523809523809,32.095,74.2,117.56,254525.0,785000.0,3084.2,4,2,16,0.8660254037844387,-0.4999999999999998,0.9350162426854148,-0.35460488704253545,21.165069169960475,21.344150641025642,21.649242424242424,23.313949362041466,21.413789691965643,0.20738292186717058,22.14880071543553,0.8490914305765387,22.842008207584044,1.235581599219427,0
2024-04-28,21.121136363636364,MAÍZ BLANCO,MAÍZ,2024,4,3.9899999999999998,4.363333333333333,4.69,21.742,119.4,117.56,254525.0,785000.0,3084.2,4,2,17,0.8660254037844387,-0.4999999999999998,0.8854560256532099,-0.4647231720437685,21.134901656314703,21.165069169960475,21.496696532634033,23.132878787878788,21.285204499983713,0.1685496660245623,21.876419752219682,0.7675175775342996,22.563975536752462,1.210758452004745,0
2024-05-05,20.61616847826087,MAÍZ BLANCO,MAÍZ,2024,5,3.9442857142857135,4.34047619047619,4.678571428571429,9.120000000000001,41.4,117.76,254525.0,785000.0,3084.2,5,2,18,0.49999999999999994,-0.8660254037844387,0.8229838658936565,-0.5680647467311557,21.121136363636364,21.134901656314703,21.344150641025642,22.787138274638274,21.191314457734297,0.1035295177014498,21.62495194918938,0.6105568727296855,22.2891116678193,1.12239589724227,0
2024-05-12,20.417163904935645,MAÍZ BLANCO,MAÍZ,2024,5,3.936666666666666,4.336666666666667,4.676666666666667,3.342,30.0,117.76,254525.0,785000.0,3084.2,5,2,19,0.49999999999999994,-0.8660254037844387,0.7485107481711013,-0.663122658240795,20.61616847826087,21.121136363636364,21.165069169960475,22.30128053106314,21.009318917043103,0.26274168211502075,21.353580724642207,0.490959144055566,21.99703271039387,1.0564208788121605,0
2024-05-19,20.031655011655012,MAÍZ BLANCO,MAÍZ,2024,5,3.8195238095238095,4.256666666666667,4.562380952380953,19.638,90.0,117.76,254525.0,785000.0,3084.2,5,2,20,0.49999999999999994,-0.8660254037844387,0.6631226582407952,-0.7485107481711012,20.417163904935645,20.61616847826087,21.134901656314703,21.649242424242424,20.822342600786897,0.3622376845291094,21.118066146376268,0.41786716489046816,21.70664801055265,0.9597498996697024,0
2024-05-26,19.70477272727273,MAÍZ BLANCO,MAÍZ,2024,5,3.8000000000000003,4.243333333333333,4.543333333333334,25.341,114.0,117.76,254525.0,785000.0,3084.2,5,2,21,0.49999999999999994,-0.8660254037844387,0.5680647467311558,-0.8229838658936564,20.031655011655012,20.417163904935645,21.121136363636364,21.496696532634033,20.546530939621974,0.4534511480323227,20.915867719802844,0.5061561106253358,21.43312348135378,0.9272007953587453,0
2024-06-02,19.64203869047619,MAÍZ BLANCO,MAÍZ,2024,6,3.7399999999999998,4.16047619047619,4.426190476190476,59.824,72.6,116.08,254525.0,785000.0,3084.2,6,2,22,1.2246467991473532e-16,-1.0,0.46472317204376906,-0.8854560256532096,19.70477272727273,20.031655011655012,20.61616847826087,21.344150641025642,20.192440030531063,0.4056755017263289,20.69187724413268,0.6001634496240624,21.147447976303276,0.8829401689240048,0
2024-06-09,19.90563446969697,MAÍZ BLANCO,MAÍZ,2024,6,3.73,4.1466666666666665,4.406666666666666,81.517,142.2,116.08,254525.0,785000.0,3084.2,6,2,23,1.2246467991473532e-16,-1.0,0.35460488704253584,-0.9350162426854147,19.64203869047619,19.70477272727273,20.417163904935645,21.165069169960475,19.948907583584894,0.3558470949527749,20.479113250314,0.6364999642886752,20.88535634428977,0.8162433528303747,0
2024-06-16,20.486979166666668,MAÍZ BLANCO,MAÍZ,2024,6,3.6757142857142857,4.043809523809523,4.280952380952381,213.586,385.6,116.08,254525.0,785000.0,3084.2,6,2,24,1.2246467991473532e-16,-1.0,0.23931566428755768,-0.970941817426052,19.90563446969697,19.64203869047619,20.031655011655012,21.134901656314703,19.821025224775227,0.17988371621751606,20.32168391278106,0.5971355253407525,20.685719172509256,0.7264821192834936,0
2024-06-23,21.131107954545456,MAÍZ BLANCO,MAÍZ,2024,6,3.6666666666666665,4.026666666666666,4.260000000000001,237.173,312.4,116.08,254525.0,785000.0,3084.2,6,2,25,1.2246467991473532e-16,-1.0,0.12053668025532308,-0.992708874098054,20.486979166666668,19.90563446969697,19.70477272727273,21.121136363636364,19.93485626352814,0.38486975205739427,20.240693601575057,0.5084317383390128,20.588863901044608,0.6608595075554643,0
2024-06-30,21.45151515151515,MAÍZ BLANCO,MAÍZ,2024,6,3.683809523809523,3.9666666666666672,4.217142857142857,120.485,117.2,116.08,254525.0,785000.0,3084.2,6,2,26,1.2246467991473532e-16,-1.0,-3.216245299353273e-16,-1.0,21.131107954545456,20.486979166666668,19.64203869047619,20.61616847826087,20.291440070346322,0.6617768525246932,20.241940050438693,0.5109047523035424,20.558398186203892,0.6225182571401082,0
2021-05-09,13.0,NARANJA VALENCIA MEDIANA,NARANJA,2021,5,2.9323809523809525,3.461904761904762,3.65,37.323,69.4,111.72,2740.0,62132.35,22674.1,5,2,18,0.49999999999999994,-0.8660254037844387,0.8229838658936565,-0.5680647467311557,,,,,,,,,,,0
2021-05-16,13.0,NARANJA VALENCIA MEDIANA,NARANJA,2021,5,2.94,3.4666666666666663,3.6566666666666667,16.133,85.2,111.72,2740.0,62132.35,22674.1,5,2,19,0.49999999999999994,-0.8660254037844387,0.7485107481711013,-0.663122658240795,13.0,,,,13.0,,13.0,,13.0,,0
2021-05-23,13.0,NARANJA VALENCIA MEDIANA,NARANJA,2021,5,3.0314285714285716,3.5180952380952375,3.710952380952381,20.783,73.0,111.72,2740.0,62132.35,22674.1,5,2,20,0.49999999999999994,-0.8660254037844387,0.6631226582407952,-0.7485107481711012,13.0,13.0,,,13.0,0.0,13.0,0.0,13.0,0.0,0
2021-05-30,12.7,NARANJA VALENCIA MEDIANA,NARANJA,2021,5,3.046666666666667,3.526666666666666,3.72,46.988,108.4,111.72,2740.0,62132.35,22674.1,5,2,21,0.49999999999999994,-0.8660254037844387,0.5680647467311558,-0.8229838658936564,13.0,13.0,,,13.0,0.0,13.0,0.0,13.0,0.0,0
2021-06-06,12.7,NARANJA VALENCIA MEDIANA,NARANJA,2021,6,3.1066666666666665,3.5609523809523806,3.768571428571428,54.7,74.0,112.93,2740.0,62132.35,22674.1,6,2,22,1.2246467991473532e-16,-1.0,0.46472317204376906,-0.8854560256532096,12.7,13.0,13.0,,12.925,0.15000000000000066,12.925,0.15000000000000066,12.925,0.15000000000000066,0
2021-06-13,13.0,NARANJA VALENCIA MEDIANA,NARANJA,2021,6,3.1166666666666667,3.5666666666666664,3.776666666666666,87.374,116.2,112.93,2740.0,62132.35,22674.1,6,2,23,1.2246467991473532e-16,-1.0,0.35460488704253584,-0.9350162426854147,12.7,12.7,13.0,,12.85,0.17320508075688862,12.88,0.16431676725155073,12.88,0.16431676725155073,0
2021-06-20,12.75,NARANJA VALENCIA MEDIANA,NARANJA,2021,6,3.1595238095238094,3.5752380952380953,3.793809523809524,69.86,135.0,112.93,2740.0,62132.35,22674.1,6,2,24,1.2246467991473532e-16,-1.0,0.23931566428755768,-0.970941817426052,13.0,12.7,13.0,,12.85,0.17320508075688862,12.9,0.15491933384829734,12.9,0.15491933384829734,0
2021-06-27,13.0,NARANJA VALENCIA MEDIANA,NARANJA,2021,6,3.1666666666666665,3.5766666666666667,3.796666666666667,114.338,113.0,112.93,2740.0,62132.35,22674.1,6,2,25,1.2246467991473532e-16,-1.0,0.12053668025532308,-0.992708874098054,12.75,13.0,12.7,,12.7875,0.14361406616345143,12.87857142857143,0.1523623500550116,12.87857142857143,0.1523623500550116,0
2021-07-04,13.0,NARANJA VALENCIA MEDIANA,NARANJA,2021,7,3.212380952380953,3.6538095238095236,3.848095238095238,46.013000000000005,107.2,113.5,2740.0,62132.35,22674.1,7,3,26,-0.4999999999999997,-0.8660254037844388,-3.216245299353273e-16,-1.0,13.0,12.75,12.7,13.0,12.8625,0.16007810593582167,12.89375,0.14744853823816498,12.89375,0.14744853823816498,0
2021-07-11,13.0,NARANJA VALENCIA MEDIANA,NARANJA,2021,7,3.22,3.6666666666666665,3.856666666666667,26.548000000000002,104.4,113.5,2740.0,62132.35,22674.1,7,3,27,-0.4999999999999997,-0.8660254037844388,-0.12053668025532283,-0.992708874098054,13.0,13.0,13.0,13.0,12.9375,0.12499999999999967,12.89375,0.14744853823816498,12.905555555555557,0.14240006242195943,0
2021-07-18,13.0,NARANJA VALENCIA MEDIANA,NARANJA,2021,7,3.2257142857142855,3.7066666666666666,3.905238095238096,41.922,63.0,113.5,2740.0,62132.35,22674.1,7,3,28,-0.4999999999999997,-0.8660254037844388,-0.23931566428755743,-0.9709418174260521,13.0,13.0,12.75,13.0,12.9375,0.12499999999999967,12.89375,0.14744853823816498,12.915000000000001,0.13753787357185232,0
2021-07-25,12.75,NARANJA VALENCIA MEDIANA,NARANJA,2021,7,3.2266666666666666,3.7133333333333334,3.9133333333333336,22.721,112.8,113.5,2740.0,62132.35,22674.1,7,3,29,-0.4999999999999997,-0.8660254037844388,-0.3546048870425356,-0.9350162426854148,13.0,13.0,13.0,12.7,13.0,0.0,12.89375,0.14744853823816498,12.922727272727274,0.13297299794250841,0
2021-08-01,13.0,NARANJA VALENCIA MEDIANA,NARANJA,2021,8,3.212380952380953,3.741904761904762,3.9590476190476194,55.868,97.4,112.71,2740.0,62132.35,22674.1,8,3,30,-0.8660254037844385,-0.5000000000000004,-0.46472317204376806,-0.8854560256532101,12.75,13.0,13.0,12.7,12.9375,0.125,12.899999999999999,0.1388730149658832,12.908333333333333,0.13623731522826701,0
2021-08-08,13.0,NARANJA VALENCIA MEDIANA,NARANJA,2021,8,3.2100000000000004,3.7466666666666666,3.9666666666666663,92.913,82.8,112.71,2740.0,62132.35,22674.1,8,3,31,-0.8660254037844385,-0.5000000000000004,-0.5680647467311556,-0.8229838658936566,13.0,12.75,13.0,13.0,12.9375,0.125,12.9375,0.11572751247156984,12.908333333333333,0.13623731522826701,0
2021-08-15,13.0,NARANJA VALENCIA MEDIANA,NARANJA,2021,8,3.224285714285714,3.7895238095238097,3.9952380952380957,45.388999999999996,110.2,112.71,2740.0,62132.35,22674.1,8,3,32,-0.8660254037844385,-0.5000000000000004,-0.663122658240795,-0.7485107481711013,13.0,13.0,13.0,12.75,12.9375,0.125,12.9375,0.11572751247156984,12.908333333333333,0.13623731522826701,0
2021-08-22,13.0,NARANJA VALENCIA MEDIANA,NARANJA,2021,8,3.2266666666666666,3.796666666666667,4.0,109.962,147.8,112.71,2740.0,62132.35,22674.1,8,3,33,-0.8660254037844385,-0.5000000000000004,-0.7485107481711011,-0.6631226582407952,13.0,13.0,12.75,13.0,12.9375,0.125,12.96875,0.08838834764832043,12.908333333333333,0.13623731522826701,0
2021-08-29,13.0,NARANJA VALENCIA MEDIANA,NARANJA,2021,8,3.192380952380952,3.779523809523809,3.962857142857143,56.402,117.8,112.71,2740.0,62132.35,22674.1,8,3,34,-0.8660254037844385,-0.5000000000000004,-0.8229838658936564,-0.5680647467311559,13.0,13.0,13.0,13.0,13.0,0.0,12.96875,0.08838834764832043,12.933333333333335,0.121231059126652,0
2021-09-05,13.0,NARANJA VALENCIA MEDIANA,NARANJA,2021,9,3.186666666666666,3.776666666666666,3.956666666666667,58.578,122.0,112.13,2740.0,62132.35,22674.1,9,3,35,-1.0,-1.8369701987210297e-16,-0.8854560256532096,-0.4647231720437691,13.0,13.0,13.0,13.0,13.0,0.0,12.96875,0.08838834764832043,12.958333333333334,0.0973123680201906,0
2021-09-12,13.0,NARANJA VALENCIA MEDIANA,NARANJA,2021,9,3.1809523809523808,3.759523809523809,3.905238095238095,137.219,197.8,112.13,2740.0,62132.35,22674.1,9,3,36,-1.0,-1.8369701987210297e-16,-0.9350162426854147,-0.3546048870425359,13.0,13.0,13.0,13.0,13.0,0.0,12.96875,0.08838834764832043,12.958333333333334,0.0973123680201906,0
2021-09-19,13.0,NARANJA VALENCIA MEDIANA,NARANJA,2021,9,3.1799999999999997,3.7566666666666664,3.896666666666666,34.107,84.6,112.13,2740.0,62132.35,22674.1,9,3,37,-1.0,-1.8369701987210297e-16,-0.970941817426052,-0.23931566428755774,13.0,13.0,13.0,12.75,13.0,0.0,12.96875,0.08838834764832043,12.979166666666666,0.07216878364870326,0
2021-09-26,12.8,NARANJA VALENCIA MEDIANA,NARANJA,2021,9,3.237142857142857,3.7652380952380957,3.890952380952381,81.89,758.0,112.13,2740.0,62132.35,22674.1,9,3,38,-1.0,-1.8369701987210297e-16,-0.992708874098054,-0.12053668025532357,13.0,13.0,13.0,13.0,13.0,0.0,13.0,0.0,12.979166666666666,0.07216878364870326,0
2021-10-03,12.0,NARANJA VALENCIA MEDIANA,NARANJA,2021,10,3.2466666666666666,3.766666666666667,3.89,28.262,66.8,112.85,2740.0,62132.35,22674.1,10,4,39,-0.8660254037844386,0.5000000000000001,-1.0,-1.8369701987210297e-16,12.8,13.0,13.0,13.0,12.95,0.09999999999999935,12.975000000000001,0.0707106781186544,12.962499999999999,0.08822749519900766,0
2021-10-10,12.0,NARANJA VALENCIA MEDIANA,NARANJA,2021,10,3.318095238095238,3.7495238095238093,3.878571428571429,61.594,107.0,112.85,2740.0,62132.35,22674.1,10,4,40,-0.8660254037844386,0.5000000000000001,-0.992708874098054,0.1205366802553232,12.0,12.8,13.0,13.0,12.7,0.4760952285695225,12.850000000000001,0.3505098327538655,12.879166666666665,0.2903433182014741,0
2021-10-17,12.0,NARANJA VALENCIA MEDIANA,NARANJA,2021,10,3.3300000000000005,3.7466666666666666,3.8766666666666674,41.412000000000006,129.4,112.85,2740.0,62132.35,22674.1,10,4,41,-0.8660254037844386,0.5000000000000001,-0.9709418174260521,0.23931566428755738,12.0,12.0,13.0,13.0,12.45,0.5259911279353157,12.725000000000001,0.4527692569068705,12.795833333333333,0.3816580652729333,0
2021-10-24,12.0,NARANJA VALENCIA MEDIANA,NARANJA,2021,10,3.481428571428571,3.8352380952380956,3.970952380952381,58.775,101.6,112.85,2740.0,62132.35,22674.1,10,4,42,-0.8660254037844386,0.5000000000000001,-0.9350162426854148,0.35460488704253557,12.0,12.0,12.8,13.0,12.2,0.3999999999999981,12.600000000000001,0.5014265364224065,12.733333333333333,0.44585634321816986,0
2021-10-31,11.2,NARANJA VALENCIA MEDIANA,NARANJA,2021,10,3.5066666666666664,3.85,3.986666666666667,13.722999999999999,56.2,112.85,2740.0,62132.35,22674.1,10,4,43,-0.8660254037844386,0.5000000000000001,-0.8854560256532101,0.464723172043768,12.0,12.0,12.0,13.0,12.0,0.0,12.475000000000001,0.5119988839273545,12.649999999999999,0.48335945592939766,0
2021-11-07,10.0,NARANJA VALENCIA MEDIANA,NARANJA,2021,11,3.635238095238095,3.9871428571428575,4.126666666666666,6.887,51.0,114.65,2740.0,62132.35,22674.1,11,4,44,-0.5000000000000004,0.8660254037844384,-0.822983865893657,0.5680647467311548,11.2,12.0,12.0,13.0,11.8,0.40000000000000063,12.25,0.6301927142889363,12.5,0.6237715199421252,1
2021-11-14,10.0,NARANJA VALENCIA MEDIANA,NARANJA,2021,11,3.6566666666666667,4.010000000000001,4.1499999999999995,0.47300000000000003,14.0,114.65,2740.0,62132.35,22674.1,11,4,45,-0.5000000000000004,0.8660254037844384,-0.7485107481711011,0.6631226582407952,10.0,11.2,12.0,13.0,11.3,0.9451631252505225,11.875,0.9377023591128018,12.25,0.9307865686416175,1
2021-11-21,10.0,NARANJA VALENCIA MEDIANA,NARANJA,2021,11,3.6366666666666667,3.9899999999999998,4.138571428571429,5.734,28.8,114.65,2740.0,62132.35,22674.1,11,4,46,-0.5000000000000004,0.8660254037844384,-0.6631226582407955,0.7485107481711007,10.0,10.0,12.0,12.8,10.8,0.9797958971132725,11.5,1.0198039027185566,12.0,1.098759631253682,1
2021-11-28,10.0,NARANJA VALENCIA MEDIANA,NARANJA,2021,11,3.6333333333333333,3.986666666666667,4.136666666666667,0.29,5.2,114.65,2740.0,62132.35,22674.1,11,4,47,-0.5000000000000004,0.8660254037844384,-0.5680647467311559,0.8229838658936564,10.0,10.0,11.2,12.0,10.3,0.6000000000000028,11.149999999999999,0.9899494936611662,11.75,1.1881995547121627,1
2021-12-05,10.0,NARANJA VALENCIA MEDIANA,NARANJA,2021,12,3.5533333333333332,3.8952380952380956,4.05095238095238,0.014,0.6,113.44,2740.0,62132.35,22674.1,12,4,48,-2.4492935982947064e-16,1.0,-0.4647231720437684,0.88545602565321,10.0,10.0,10.0,12.0,10.0,0.0,10.899999999999999,0.9971387638065796,11.5,1.216552506059644,1
2021-12-12,10.0,NARANJA VALENCIA MEDIANA,NARANJA,2021,12,3.5399999999999996,3.8800000000000003,4.036666666666666,0.7849999999999999,14.4,113.44,2740.0,62132.35,22674.1,12,4,49,-2.4492935982947064e-16,1.0,-0.35460488704253595,0.9350162426854147,10.0,10.0,10.0,12.0,10.0,0.0,10.649999999999999,0.9304376850247874,11.25,1.1881995547121627,1
2021-12-19,10.0,NARANJA VALENCIA MEDIANA,NARANJA,2021,12,3.382857142857143,3.7257142857142855,3.865238095238095,3.7199999999999998,34.4,113.44,2740.0,62132.35,22674.1,12,4,50,-2.4492935982947064e-16,1.0,-0.2393156642875578,0.970941817426052,10.0,10.0,10.0,12.0,10.0,0.0,10.399999999999999,0.7708992893275451,11.0,1.098759631253682,1
2021-12-26,10.0,NARANJA VALENCIA MEDIANA,NARANJA,2021,12,3.356666666666667,3.6999999999999997,3.8366666666666664,1.351,25.0,113.44,2740.0,62132.35,22674.1,12,4,51,-2.4492935982947064e-16,1.0,-0.12053668025532363,0.992708874098054,10.0,10.0,10.0,11.2,10.0,0.0,10.149999999999999,0.4242640687119289,10.766666666666666,0.971721371712295,1
2022-01-02,10.0,NARANJA VALENCIA MEDIANA,NARANJA,2022,1,3.3138095238095238,3.6371428571428575,3.7595238095238095,0.31,6.2,113.35,2706.0,71678.0,26488.5,1,1,52,0.49999999999999994,0.8660254037844387,6.432490598706546e-16,1.0,10.0,10.0,10.0,10.0,10.0,0.0,10.0,0.0,10.6,0.9105442927671937,1
2022-01-09,10.0,NARANJA VALENCIA MEDIANA,NARANJA,2022,1,3.306666666666667,3.6266666666666674,3.7466666666666666,1.0110000000000001,38.0,113.35,2706.0,71678.0,26488.5,1,1,1,0.49999999999999994,0.8660254037844387,0.12053668025532305,0.992708874098054,10.0,10.0,10.0,10.0,10.0,0.0,10.0,0.0,10.433333333333332,0.808290376865476,1
2022-01-16,10.0,NARANJA VALENCIA MEDIANA,NARANJA,2022,1,3.4266666666666667,3.7380952380952377,3.852380952380952,0.193,4.4,113.35,2706.0,71678.0,26488.5,1,1,2,0.49999999999999994,0.8660254037844387,0.23931566428755774,0.970941817426052,10.0,10.0,10.0,10.0,10.0,0.0,10.0,0.0,10.266666666666666,0.6457319079693189,1
2022-01-23,10.0,NARANJA VALENCIA MEDIANA,NARANJA,2022,1,3.4466666666666668,3.7566666666666664,3.8699999999999997,0.027,1.2,113.35,2706.0,71678.0,26488.5,1,1,3,0.49999999999999994,0.8660254037844387,0.3546048870425356,0.9350162426854148,10.0,10.0,10.0,10.0,10.0,0.0,10.0,0.0,10.1,0.34641016151377574,1
2022-01-30,10.0,NARANJA VALENCIA MEDIANA,NARANJA,2022,1,3.6295238095238096,3.8938095238095234,4.0128571428571425,0.05,1.6,113.35,2706.0,71678.0,26488.5,1,1,4,0.49999999999999994,0.8660254037844387,0.4647231720437685,0.8854560256532099,10.0,10.0,10.0,10.0,10.0,0.0,10.0,0.0,10.0,0.0,1
2022-02-06,10.0,NARANJA VALENCIA MEDIANA,NARANJA,2022,2,3.66,3.9166666666666665,4.036666666666666,0.262,4.2,115.93,2706.0,71678.0,26488.5,2,1,5,0.8660254037844386,0.5000000000000001,0.5680647467311558,0.8229838658936564,10.0,10.0,10.0,10.0,10.0,0.0,10.0,0.0,10.0,0.0,1
2022-02-13,10.0,NARANJA VALENCIA MEDIANA,NARANJA,2022,2,3.837142857142857,4.062380952380953,4.199523809523809,0.9410000000000001,17.9,115.93,2706.0,71678.0,26488.5,2,1,6,0.8660254037844386,0.5000000000000001,0.6631226582407952,0.7485107481711011,10.0,10.0,10.0,10.0,10.0,0.0,10.0,0.0,10.0,0.0,1
2022-02-20,10.0,NARANJA VALENCIA MEDIANA,NARANJA,2022,2,3.8666666666666667,4.086666666666667,4.226666666666667,0.055999999999999994,2.0,115.93,2706.0,71678.0,26488.5,2,1,7,0.8660254037844386,0.5000000000000001,0.7485107481711011,0.6631226582407953,10.0,10.0,10.0,10.0,10.0,0.0,10.0,0.0,10.0,0.0,1
2022-02-27,10.0,NARANJA VALENCIA MEDIANA,NARANJA,2022,2,3.983809523809524,4.215238095238095,4.358095238095238,0.02,0.8,115.93,2706.0,71678.0,26488.5,2,1,8,0.8660254037844386,0.5000000000000001,0.8229838658936564,0.5680647467311559,10.0,10.0,10.0,10.0,10.0,0.0,10.0,0.0,10.0,0.0,1
2022-03-06,10.0,NARANJA VALENCIA MEDIANA,NARANJA,2022,3,4.003333333333334,4.236666666666666,4.38,0.125,4.0,117.73,2706.0,71678.0,26488.5,3,1,9,1.0,6.123233995736766e-17,0.8854560256532099,0.4647231720437686,10.0,10.0,10.0,10.0,10.0,0.0,10.0,0.0,10.0,0.0,0
2022-03-13,10.0,NARANJA VALENCIA MEDIANA,NARANJA,2022,3,4.220476190476191,4.416666666666666,4.574285714285714,789.672,74830.2,117.73,2706.0,71678.0,26488.5,3,1,10,1.0,6.123233995736766e-17,0.9350162426854148,0.35460488704253557,10.0,10.0,10.0,10.0,10.0,0.0,10.0,0.0,10.0,0.0,0
2022-03-20,10.0,NARANJA VALENCIA MEDIANA,NARANJA,2022,3,4.206666666666667,4.306666666666667,4.466666666666667,515.003,42850.8,117.73,2706.0,71678.0,26488.5,3,1,11,1.0,6.123233995736766e-17,0.970941817426052,0.23931566428755804,10.0,10.0,10.0,10.0,10.0,0.0,10.0,0.0,10.0,0.0,0
2022-03-27,10.0,NARANJA VALENCIA MEDIANA,NARANJA,2022,3,4.375238095238095,4.328095238095238,4.508333333333334,2.106,27.6,117.73,2706.0,71678.0,26488.5,3,1,12,1.0,6.123233995736766e-17,0.992708874098054,0.120536680255323,10.0,10.0,10.0,10.0,10.0,0.0,10.0,0.0,10.0,0.0,0
2022-04-03,10.0,NARANJA VALENCIA MEDIANA,NARANJA,2022,4,4.366666666666667,4.306666666666667,4.488333333333333,10.987,40.0,117.52,2706.0,71678.0,26488.5,4,2,13,0.8660254037844387,-0.4999999999999998,1.0,-1.6081226496766366e-16,10.0,10.0,10.0,10.0,10.0,0.0,10.0,0.0,10.0,0.0,0
2022-04-10,10.0,NARANJA VALENCIA MEDIANA,NARANJA,2022,4,4.172380952380952,4.172380952380953,4.338333333333333,8.922999999999998,52.2,117.52,2706.0,71678.0,26488.5,4,2,14,0.8660254037844387,-0.4999999999999998,0.992708874098054,-0.12053668025532288,10.0,10.0,10.0,10.0,10.0,0.0,10.0,0.0,10.0,0.0,0
2022-04-17,10.0,NARANJA VALENCIA MEDIANA,NARANJA,2022,4,4.14,4.15,4.3133333333333335,13.674,93.4,117.52,2706.0,71678.0,26488.5,4,2,15,0.8660254037844387,-0.4999999999999998,0.9709418174260521,-0.2393156642875575,10.0,10.0,10.0,10.0,10.0,0.0,10.0,0.0,10.0,0.0,0
2022-04-24,10.0,NARANJA VALENCIA MEDIANA,NARANJA,2022,4,4.14,4.15,4.3133333333333335,16.976,61.4,117.52,2706.0,71678.0,26488.5,4,2,16,0.8660254037844387,-0.4999999999999998,0.9350162426854148,-0.35460488704253545,10.0,10.0,10.0,10.0,10.0,0.0,10.0,0.0,10.0,0.0,0
2022-05-01,10.0,NARANJA VALENCIA MEDIANA,NARANJA,2022,5,4.14,4.15,4.3133333333333335,49.51,109.6,117.52,2706.0,71678.0,26488.5,5,2,17,0.49999999999999994,-0.8660254037844387,0.8854560256532099,-0.4647231720437685,10.0,10.0,10.0,10.0,10.0,0.0,10.0,0.0,10.0,0.0,0
2022-05-08,10.0,NARANJA VALENCIA MEDIANA,NARANJA,2022,5,4.14,4.15,4.3133333333333335,80.684,105.8,117.52,2706.0,71678.0,26488.5,5,2,18,0.49999999999999994,-0.8660254037844387,0.8229838658936565,-0.5680647467311557,10.0,10.0,10.0,10.0,10.0,0.0,10.0,0.0,10.0,0.0,0
2022-05-15,10.0,NARANJA VALENCIA MEDIANA,NARANJA,2022,5,4.14,4.15,4.3133333333333335,8.085,49.6,117.52,2706.0,71678.0,26488.5,5,2,19,0.49999999999999994,-0.8660254037844387,0.7485107481711013,-0.663122658240795,10.0,10.0,10.0,10.0,10.0,0.0,10.0,0.0,10.0,0.0,0
2022-05-22,10.0,NARANJA VALENCIA MEDIANA,NARANJA,2022,5,4.14,4.15,4.3133333333333335,46.905,147.6,117.52,2706.0,71678.0,26488.5,5,2,20,0.49999999999999994,-0.8660254037844387,0.6631226582407952,-0.7485107481711012,10.0,10.0,10.0,10.0,10.0,0.0,10.0,0.0,10.0,0.0,0
2022-05-29,10.0,NARANJA VALENCIA MEDIANA,NARANJA,2022,5,4.14,4.15,4.3133333333333335,70.585,159.4,117.52,2706.0,71678.0,26488.5,5,2,21,0.49999999999999994,-0.8660254037844387,0.5680647467311558,-0.8229838658936564,10.0,10.0,10.0,10.0,10.0,0.0,10.0,0.0,10.0,0.0,0
2022-06-05,10.0,NARANJA VALENCIA MEDIANA,NARANJA,2022,6,4.14,4.15,4.3133333333333335,39.553,61.8,117.61,2706.0,71678.0,26488.5,6,2,22,1.2246467991473532e-16,-1.0,0.46472317204376906,-0.8854560256532096,10.0,10.0,10.0,10.0,10.0,0.0,10.0,0.0,10.0,0.0,0
2022-06-12,10.0,NARANJA VALENCIA MEDIANA,NARANJA,2022,6,4.14,4.15,4.3133333333333335,83.364,232.2,117.61,2706.0,71678.0,26488.5,6,2,23,1.2246467991473532e-16,-1.0,0.35460488704253584,-0.9350162426854147,10.0,10.0,10.0,10.0,10.0,0.0,10.0,0.0,10.0,0.0,0
2022-06-19,10.0,NARANJA VALENCIA MEDIANA,NARANJA,2022,6,4.14,4.15,4.3133333333333335,105.101,174.0,117.61,2706.0,71678.0,26488.5,6,2,24,1.2246467991473532e-16,-1.0,0.23931566428755768,-0.970941817426052,10.0,10.0,10.0,10.0,10.0,0.0,10.0,0.0,10.0,0.0,0
2022-06-26,10.0,NARANJA VALENCIA MEDIANA,NARANJA,2022,6,4.14,4.15,4.3133333333333335,86.691,109.4,117.61,2706.0,71678.0,26488.5,6,2,25,1.2246467991473532e-16,-1.0,0.12053668025532308,-0.992708874098054,10.0,10.0,10.0,10.0,10.0,0.0,10.0,0.0,10.0,0.0,0
2022-07-03,9.8,NARANJA VALENCIA MEDIANA,NARANJA,2022,7,4.14,4.15,4.3133333333333335,54.334,101.6,117.67,2706.0,71678.0,26488.5,7,3,26,-0.4999999999999997,-0.8660254037844388,-3.216245299353273e-16,-1.0,10.0,10.0,10.0,10.0,10.0,0.0,10.0,0.0,10.0,0.0,0
2022-07-10,10.0,NARANJA VALENCIA MEDIANA,NARANJA,2022,7,4.14,4.15,4.3133333333333335,39.684,87.6,117.67,2706.0,71678.0,26488.5,7,3,27,-0.4999999999999997,-0.8660254037844388,-0.12053668025532283,-0.992708874098054,9.8,10.0,10.0,10.0,9.95,0.09999999999999935,9.975000000000001,0.0707106781186544,9.983333333333334,0.05773502691896251,0
2022-07-17,10.0,NARANJA VALENCIA MEDIANA,NARANJA,2022,7,4.14,4.15,4.3133333333333335,53.93300000000001,1188.8,117.67,2706.0,71678.0,26488.5,7,3,28,-0.4999999999999997,-0.8660254037844388,-0.23931566428755743,-0.9709418174260521,10.0,9.8,10.0,10.0,9.95,0.09999999999999935,9.975000000000001,0.0707106781186544,9.983333333333334,0.05773502691896251,0
2022-07-24,10.0,NARANJA VALENCIA MEDIANA,NARANJA,2022,7,4.14,4.15,4.3133333333333335,48.858000000000004,73.2,117.67,2706.0,71678.0,26488.5,7,3,29,-0.4999999999999997,-0.8660254037844388,-0.3546048870425356,-0.9350162426854148,10.0,10.0,10.0,10.0,9.95,0.09999999999999935,9.975000000000001,0.0707106781186544,9.983333333333334,0.05773502691896251,0
2022-07-31,10.0,NARANJA VALENCIA MEDIANA,NARANJA,2022,7,4.14,4.15,4.3133333333333335,66.57,78.8,117.67,2706.0,71678.0,26488.5,7,3,30,-0.4999999999999997,-0.8660254037844388,-0.46472317204376806,-0.8854560256532101,10.0,10.0,9.8,10.0,9.95,0.09999999999999935,9.975000000000001,0.0707106781186544,9.983333333333334,0.05773502691896251,0
2022-08-07,10.05,NARANJA VALENCIA MEDIANA,NARANJA,2022,8,4.14,4.15,4.3133333333333335,80.179,98.4,117.86,2706.0,71678.0,26488.5,8,3,31,-0.8660254037844385,-0.5000000000000004,-0.5680647467311556,-0.8229838658936566,10.0,10.0,10.0,10.0,10.0,0.0,9.975000000000001,0.0707106781186544,9.983333333333334,0.05773502691896251,0
2022-08-14,10.1,NARANJA VALENCIA MEDIANA,NARANJA,2022,8,4.14,4.15,4.3133333333333335,103.039,88.6,117.86,2706.0,71678.0,26488.5,8,3,32,-0.8660254037844385,-0.5000000000000004,-0.663122658240795,-0.7485107481711013,10.05,10.0,10.0,10.0,10.0125,0.02500000000000065,9.981250000000001,0.07529703086538558,9.9875,0.06077155435054968,0
2022-08-21,10.0,NARANJA VALENCIA MEDIANA,NARANJA,2022,8,4.14,4.15,4.3133333333333335,55.839,63.2,117.86,2706.0,71678.0,26488.5,8,3,33,-0.8660254037844385,-0.5000000000000004,-0.7485107481711011,-0.6631226582407952,10.1,10.05,10.0,10.0,10.0375,0.047871355387817456,9.993749999999999,0.08634441002668984,9.995833333333332,0.06894771844512236,0
2022-08-28,11.8,NARANJA VALENCIA MEDIANA,NARANJA,2022,8,4.14,4.15,4.3133333333333335,91.795,978.8,117.86,2706.0,71678.0,26488.5,8,3,34,-0.8660254037844385,-0.5000000000000004,-0.8229838658936564,-0.5680647467311559,10.0,10.1,10.0,9.8,10.0375,0.047871355387817456,9.993749999999999,0.08634441002668984,9.995833333333332,0.06894771844512236,0
2022-09-04,12.0,NARANJA VALENCIA MEDIANA,NARANJA,2022,9,4.14,4.15,4.3133333333333335,84.33800000000001,284.6,117.97,2706.0,71678.0,26488.5,9,3,35,-1.0,-1.8369701987210297e-16,-0.8854560256532096,-0.4647231720437691,11.8,10.0,10.05,10.0,10.4875,0.8759518632131954,10.24375,0.6298738535838525,10.145833333333334,0.525468766191126,0
2022-09-11,12.0,NARANJA VALENCIA MEDIANA,NARANJA,2022,9,4.14,4.15,4.3133333333333335,83.703,88.4,117.97,2706.0,71678.0,26488.5,9,3,36,-1.0,-1.8369701987210297e-16,-0.9350162426854147,-0.3546048870425359,12.0,11.8,10.1,10.0,10.975,1.0719919153924022,10.49375,0.8703191122472601,10.3125,0.7459359587427424,0
2022-09-18,12.0,NARANJA VALENCIA MEDIANA,NARANJA,2022,9,4.14,4.15,4.3133333333333335,89.37,136.2,117.97,2706.0,71678.0,26488.5,9,3,37,-1.0,-1.8369701987210297e-16,-0.970941817426052,-0.23931566428755774,12.0,12.0,10.0,10.0,11.45,0.9712534856222346,10.74375,0.9875791107551853,10.479166666666666,0.8809752688029464,0
2022-09-25,12.0,NARANJA VALENCIA MEDIANA,NARANJA,2022,9,4.14,4.130000000000001,4.276190476190476,101.237,128.4,117.97,2706.0,71678.0,26488.5,9,3,38,-1.0,-1.8369701987210297e-16,-0.992708874098054,-0.12053668025532357,12.0,12.0,11.8,10.0,11.95,0.10000000000005042,10.99375,1.0248475496384832,10.645833333333334,0.9670617008926228,0
2022-10-02,12.0,NARANJA VALENCIA MEDIANA,NARANJA,2022,10,4.14,4.140000000000001,4.294761904761905,59.042,101.4,120.26,2706.0,71678.0,26488.5,10,4,39,-0.8660254037844386,0.5000000000000001,-1.0,-1.8369701987210297e-16,12.0,12.0,12.0,10.05,12.0,1.0252447406401136e-07,11.24375,0.9911888604816245,10.829166666666666,1.0001041612418842,0
2022-10-09,12.0,NARANJA VALENCIA MEDIANA,NARANJA,2022,10,4.14,4.15,4.3133333333333335,83.771,269.2,120.26,2706.0,71678.0,26488.5,10,4,40,-0.8660254037844386,0.5000000000000001,-0.992708874098054,0.1205366802553232,12.0,12.0,12.0,10.1,12.0,1.0252447406401136e-07,11.4875,0.8903249807955388,10.995833333333332,1.0158870582655901,0
2022-10-16,12.0,NARANJA VALENCIA MEDIANA,NARANJA,2022,10,4.14,4.15,4.3133333333333335,110.181,128.2,120.26,2706.0,71678.0,26488.5,10,4,41,-0.8660254037844386,0.5000000000000001,-0.9709418174260521,0.23931566428755738,12.0,12.0,12.0,10.0,12.0,1.0252447406401136e-07,11.725000000000001,0.7005100182826017,11.1625,1.0016180092049243,0
2022-10-23,12.0,NARANJA VALENCIA MEDIANA,NARANJA,2022,10,4.14,4.15,4.3133333333333335,43.091,128.4,120.26,2706.0,71678.0,26488.5,10,4,42,-0.8660254037844386,0.5000000000000001,-0.9350162426854148,0.35460488704253557,12.0,12.0,12.0,11.8,12.0,1.0252447406401136e-07,11.975000000000001,0.07071067811869286,11.329166666666666,0.955952246176396,0
2022-10-30,12.0,NARANJA VALENCIA MEDIANA,NARANJA,2022,10,4.14,4.15,4.3133333333333335,22.781000000000002,1456.4,120.26,2706.0,71678.0,26488.5,10,4,43,-0.8660254037844386,0.5000000000000001,-0.8854560256532101,0.464723172043768,12.0,12.0,12.0,12.0,12.0,1.0252447406401136e-07,12.0,7.373682261251948e-08,11.495833333333332,0.8739820919044605,0
2022-11-06,12.0,NARANJA VALENCIA MEDIANA,NARANJA,2022,11,4.14,4.15,4.3133333333333335,36.47,82.2,122.51,2706.0,71678.0,26488.5,11,4,44,-0.5000000000000004,0.8660254037844384,-0.822983865893657,0.5680647467311548,12.0,12.0,12.0,12.0,12.0,1.0252447406401136e-07,12.0,7.373682261251948e-08,11.658333333333333,0.7537281078784717,1
2022-11-13,12.0,NARANJA VALENCIA MEDIANA,NARANJA,2022,11,4.14,4.15,4.3133333333333335,15.716,92.4,122.51,2706.0,71678.0,26488.5,11,4,45,-0.5000000000000004,0.8660254037844384,-0.7485107481711011,0.6631226582407952,12.0,12.0,12.0,12.0,12.0,1.0252447406401136e-07,12.0,7.373682261251948e-08,11.816666666666668,0.5749835307259337,1
2022-11-20,10.0,NARANJA VALENCIA MEDIANA,NARANJA,2022,11,4.14,4.15,4.3133333333333335,4.054,27.0,122.51,2706.0,71678.0,26488.5,11,4,46,-0.5000000000000004,0.8660254037844384,-0.6631226582407955,0.7485107481711007,12.0,12.0,12.0,12.0,12.0,1.0252447406401136e-07,12.0,7.373682261251948e-08,11.983333333333334,0.05773502691896309,1
2022-11-27,10.0,NARANJA VALENCIA MEDIANA,NARANJA,2022,11,4.14,4.15,4.3133333333333335,36.101,1402.8,122.51,2706.0,71678.0,26488.5,11,4,47,-0.5000000000000004,0.8660254037844384,-0.5680647467311559,0.8229838658936564,10.0,12.0,12.0,12.0,11.5,1.0000000000000027,11.75,0.7071067811865513,11.833333333333334,0.5773502691896258,1
2022-12-04,10.0,NARANJA VALENCIA MEDIANA,NARANJA,2022,12,4.14,4.15,4.3133333333333335,12.138,82.0,119.27,2706.0,71678.0,26488.5,12,4,48,-2.4492935982947064e-16,1.0,-0.4647231720437684,0.88545602565321,10.0,10.0,12.0,12.0,11.0,1.154700538379252,11.5,0.9258200997725543,11.666666666666666,0.778498944161523,1
2022-12-11,9.8,NARANJA VALENCIA MEDIANA,NARANJA,2022,12,4.14,4.15,4.3133333333333335,0.131,8.4,119.27,2706.0,71678.0,26488.5,12,4,49,-2.4492935982947064e-16,1.0,-0.35460488704253595,0.9350162426854147,10.0,10.0,12.0,12.0,10.5,0.9999999999999982,11.25,1.035098339013534,11.5,0.9045340337332906,1
2022-12-18,10.0,NARANJA VALENCIA MEDIANA,NARANJA,2022,12,4.14,4.001428571428571,4.101904761904762,1.255,18.6,119.27,2706.0,71678.0,26488.5,12,4,50,-2.4492935982947064e-16,1.0,-0.2393156642875578,0.970941817426052,9.8,10.0,10.0,12.0,9.950000000000001,0.09999999999999935,10.975,1.0977249200050097,11.316666666666665,1.0107003272558837,1
2022-12-25,10.0,NARANJA VALENCIA MEDIANA,NARANJA,2022,12,4.14,3.9766666666666666,4.066666666666666,5.291,396.0,119.27,2706.0,71678.0,26488.5,12,4,51,-2.4492935982947064e-16,1.0,-0.12053668025532363,0.992708874098054,10.0,9.8,10.0,12.0,9.950000000000001,0.09999999999999935,10.725,1.0579630023236724,11.149999999999999,1.0518382177709815,1
2023-01-01,10.0,NARANJA VALENCIA MEDIANA,NARANJA,2023,1,3.9359523809523806,3.7888095238095234,3.85952380952381,0.748,7.2,119.1,2602.0,72577.29,27890.0,1,1,52,0.49999999999999994,0.8660254037844387,6.432490598706546e-16,1.0,10.0,10.0,10.0,12.0,9.950000000000001,0.09999999999999935,10.475,0.9437766079503612,10.983333333333333,1.0632996099905512,1
2023-01-08,10.0,NARANJA VALENCIA MEDIANA,NARANJA,2023,1,4.011666666666667,3.7816666666666663,3.8483333333333336,0.407,12.6,119.1,2602.0,72577.29,27890.0,1,1,1,0.49999999999999994,0.8660254037844387,0.12053668025532305,0.992708874098054,10.0,10.0,9.8,12.0,9.950000000000001,0.09999999999999935,10.225,0.7206148168652364,10.816666666666665,1.0460604304926275,1
2023-01-15,10.0,NARANJA VALENCIA MEDIANA,NARANJA,2023,1,4.468095238095238,3.9652380952380955,4.078571428571428,1.184,14.0,119.1,2602.0,72577.29,27890.0,1,1,2,0.49999999999999994,0.8660254037844387,0.23931566428755774,0.970941817426052,10.0,10.0,10.0,10.0,10.0,0.0,9.975,0.07071067811868165,10.65,0.9986354326142868,1
2023-01-22,10.0,NARANJA VALENCIA MEDIANA,NARANJA,2023,1,4.493333333333333,3.98,4.1066666666666665,0.037000000000000005,1.2,119.1,2602.0,72577.29,27890.0,1,1,3,0.49999999999999994,0.8660254037844387,0.3546048870425356,0.9350162426854148,10.0,10.0,10.0,10.0,10.0,0.0,9.975,0.07071067811868165,10.483333333333333,0.9163498074954596,1
2023-01-29,10.0,NARANJA VALENCIA MEDIANA,NARANJA,2023,1,4.633333333333333,4.177142857142857,4.349523809523809,0.025,0.8,119.1,2602.0,72577.29,27890.0,1,1,4,0.49999999999999994,0.8660254037844387,0.4647231720437685,0.8854560256532099,10.0,10.0,10.0,10.0,10.0,0.0,9.975,0.07071067811868165,10.316666666666666,0.7883623224857637,1
2023-02-05,10.4,NARANJA VALENCIA MEDIANA,NARANJA,2023,2,4.656666666666666,4.21,4.39,0.008,0.4,120.58,2602.0,72577.29,27890.0,2,1,5,0.8660254037844386,0.5000000000000001,0.5680647467311558,0.8229838658936564,10.0,10.0,10.0,9.8,10.0,0.0,9.975,0.07071067811868165,10.15,0.5854291355298845,1
2023-02-12,10.0,NARANJA VALENCIA MEDIANA,NARANJA,2023,2,4.6223809523809525,4.301428571428572,4.51,0.137,4.8,120.58,2602.0,72577.29,27890.0,2,1,6,0.8660254037844386,0.5000000000000001,0.6631226582407952,0.7485107481711011,10.4,10.0,10.0,10.0,10.1,0.20000000000000032,10.05,0.1414213562373231,10.016666666666666,0.13371158468428454,1
2023-02-19,10.0,NARANJA VALENCIA MEDIANA,NARANJA,2023,2,4.616666666666667,4.316666666666666,4.53,0.012,0.4,120.58,2602.0,72577.29,27890.0,2,1,7,0.8660254037844386,0.5000000000000001,0.7485107481711011,0.6631226582407953,10.0,10.4,10.0,10.0,10.1,0.20000000000000032,10.05,0.1414213562373231,10.016666666666666,0.13371158468428454,1
2023-02-26,10.0,NARANJA VALENCIA MEDIANA,NARANJA,2023,2,4.3966666666666665,4.302380952380952,4.512857142857143,0.047,1.2,120.58,2602.0,72577.29,27890.0,2,1,8,0.8660254037844386,0.5000000000000001,0.8229838658936564,0.5680647467311559,10.0,10.0,10.0,10.0,10.1,0.20000000000000032,10.05,0.1414213562373231,10.016666666666666,0.13371158468428454,1
2023-03-05,10.8,NARANJA VALENCIA MEDIANA,NARANJA,2023,3,4.359999999999999,4.3,4.510000000000001,1.17,95.0,119.52,2602.0,72577.29,27890.0,3,1,9,1.0,6.123233995736766e-17,0.8854560256532099,0.4647231720437686,10.0,10.0,10.4,10.0,10.1,0.20000000000000032,10.05,0.1414213562373231,10.016666666666666,0.13371158468428454,0
2023-03-12,12.2,NARANJA VALENCIA MEDIANA,NARANJA,2023,3,4.185714285714285,4.217142857142858,4.432857142857143,3.166,20.0,119.52,2602.0,72577.29,27890.0,3,1,10,1.0,6.123233995736766e-17,0.9350162426854148,0.35460488704253557,10.8,10.0,10.0,10.0,10.2,0.40000000000000063,10.15,0.29760952365714405,10.1,0.24863262420321433,0
2023-03-19,12.0,NARANJA VALENCIA MEDIANA,NARANJA,2023,3,4.156666666666666,4.203333333333334,4.420000000000001,12.282,64.2,119.52,2602.0,72577.29,27890.0,3,1,11,1.0,6.123233995736766e-17,0.970941817426052,0.23931566428755804,12.2,10.8,10.0,10.0,10.75,1.0376254944182255,10.425,0.7741354624907167,10.283333333333333,0.6520364369814848,0
2023-03-26,12.4,NARANJA VALENCIA MEDIANA,NARANJA,2023,3,4.133809523809524,4.234761904761904,4.451428571428572,0.288,4.8,119.52,2602.0,72577.29,27890.0,3,1,12,1.0,6.123233995736766e-17,0.992708874098054,0.120536680255323,12.0,12.2,10.0,10.0,11.25,1.0376254944182255,10.675,0.9254342609978147,10.450000000000001,0.8096014732289835,0
2023-04-02,11.8,NARANJA VALENCIA MEDIANA,NARANJA,2023,4,4.13,4.239999999999999,4.456666666666667,0.47700000000000004,13.6,118.79,2602.0,72577.29,27890.0,4,2,13,0.8660254037844387,-0.4999999999999998,1.0,-1.6081226496766366e-16,12.4,12.0,10.8,10.4,11.85,0.7187952884282615,10.975,1.0552589391099358,10.65,0.9690670302362496,0
2023-04-09,12.025,NARANJA VALENCIA MEDIANA,NARANJA,2023,4,4.032857142857143,4.282857142857143,4.473809523809524,2.64,41.0,118.79,2602.0,72577.29,27890.0,4,2,14,0.8660254037844387,-0.4999999999999998,0.992708874098054,-0.12053668025532288,11.8,12.4,12.2,10.0,12.1,0.2581988897471642,11.15,1.0623424252901823,10.799999999999999,0.9981801622771473,0
2023-04-16,12.25,NARANJA VALENCIA MEDIANA,NARANJA,2023,4,4.016666666666667,4.29,4.476666666666667,6.841,77.6,118.79,2602.0,72577.29,27890.0,4,2,15,0.8660254037844387,-0.4999999999999998,0.9709418174260521,-0.2393156642875575,12.025,11.8,12.0,10.0,12.05625,0.25031230493126305,11.403125,0.9878220541748816,10.96875,1.0215365543230346,0
2023-04-23,12.1,NARANJA VALENCIA MEDIANA,NARANJA,2023,4,3.9852380952380955,4.39,4.656666666666666,22.759,114.0,118.79,2602.0,72577.29,27890.0,4,2,16,0.8660254037844387,-0.4999999999999998,0.9350162426854148,-0.35460488704253545,12.25,12.025,12.4,10.0,12.11875,0.2625000000000029,11.684375,0.8405926374545832,11.15625,1.0339753931483868,0
2023-04-30,12.375,NARANJA VALENCIA MEDIANA,NARANJA,2023,4,3.98,4.406666666666666,4.6866666666666665,10.62,62.0,118.79,2602.0,72577.29,27890.0,4,2,17,0.8660254037844387,-0.4999999999999998,0.8854560256532099,-0.4647231720437685,12.1,12.25,11.8,10.8,12.043750000000001,0.18750000000000405,11.946874999999999,0.4972132159776638,11.331249999999999,0.9975609459622448,0
2023-05-07,12.625,NARANJA VALENCIA MEDIANA,NARANJA,2023,5,3.8685714285714288,4.360952380952381,4.720952380952381,10.253,53.6,117.81,2602.0,72577.29,27890.0,5,2,18,0.49999999999999994,-0.8660254037844387,0.8229838658936565,-0.5680647467311557,12.375,12.1,12.025,12.2,12.1875,0.15612494995996679,12.143749999999999,0.20299102724714324,11.495833333333332,0.9928627876758769,0
2023-05-14,12.375,NARANJA VALENCIA MEDIANA,NARANJA,2023,5,3.85,4.353333333333333,4.726666666666667,21.201,98.0,117.81,2602.0,72577.29,27890.0,5,2,19,0.49999999999999994,-0.8660254037844387,0.7485107481711013,-0.663122658240795,12.625,12.375,12.25,12.0,12.3375,0.22220486043289633,12.196874999999999,0.2657326462550425,11.714583333333332,0.9198232496550951,0
2023-05-21,14.0,NARANJA VALENCIA MEDIANA,NARANJA,2023,5,3.6900000000000004,4.17047619047619,4.4780952380952375,6.533,41.4,117.81,2602.0,72577.29,27890.0,5,2,20,0.49999999999999994,-0.8660254037844387,0.6631226582407952,-0.7485107481711012,12.375,12.625,12.1,12.4,12.36875,0.21445182054096995,12.243749999999999,0.25903323008005663,11.9125,0.7587744304888218,0
2023-05-28,14.0,NARANJA VALENCIA MEDIANA,NARANJA,2023,5,3.6633333333333336,4.14,4.4366666666666665,38.768,82.8,117.81,2602.0,72577.29,27890.0,5,2,21,0.49999999999999994,-0.8660254037844387,0.5680647467311558,-0.8229838658936564,14.0,12.375,12.375,11.8,12.84375,0.7797903030088733,12.44375,0.6771460593655397,12.245833333333332,0.7198353136571436,0
2023-06-04,14.0,NARANJA VALENCIA MEDIANA,NARANJA,2023,6,3.6176190476190477,4.137142857142857,4.359523809523809,49.629999999999995,147.8,118.68,2602.0,72577.29,27890.0,6,2,22,1.2246467991473532e-16,-1.0,0.46472317204376906,-0.8854560256532096,14.0,14.0,12.625,12.025,13.25,0.8720187306856834,12.71875,0.8117166553492804,12.512500000000001,0.7282060772261454,0
2023-06-11,16.0,NARANJA VALENCIA MEDIANA,NARANJA,2023,6,3.61,4.136666666666667,4.346666666666667,27.869,96.8,118.68,2602.0,72577.29,27890.0,6,2,23,1.2246467991473532e-16,-1.0,0.35460488704253584,-0.9350162426854147,14.0,14.0,12.375,12.25,13.59375,0.8125000000000021,12.965625,0.8689009375560072,12.6625,0.8354707437345509,0
2023-06-18,16.0,NARANJA VALENCIA MEDIANA,NARANJA,2023,6,3.6014285714285714,4.1709523809523805,4.383809523809523,68.989,87.2,118.68,2602.0,72577.29,27890.0,6,2,24,1.2246467991473532e-16,-1.0,0.23931566428755768,-0.970941817426052,16.0,14.0,14.0,12.1,14.5,1.0,13.434375,1.3213857377227658,12.995833333333332,1.244799789183592,0
2023-06-25,16.0,NARANJA VALENCIA MEDIANA,NARANJA,2023,6,3.6,4.176666666666667,4.39,55.077,183.4,118.68,2602.0,72577.29,27890.0,6,2,25,1.2246467991473532e-16,-1.0,0.12053668025532308,-0.992708874098054,16.0,16.0,14.0,12.375,15.0,1.1547005383792517,13.921875,1.469841919342736,13.295833333333333,1.496504766163982,0
2023-07-02,15.9,NARANJA VALENCIA MEDIANA,NARANJA,2023,7,3.625714285714286,4.153809523809524,4.415714285714286,69.562,134.8,118.48,2602.0,72577.29,27890.0,7,3,26,-0.4999999999999997,-0.8660254037844388,-3.216245299353273e-16,-1.0,16.0,16.0,14.0,12.625,15.5,1.0,14.375,1.4835406489688285,13.645833333333334,1.6022652052262718,0
2023-07-09,16.0,NARANJA VALENCIA MEDIANA,NARANJA,2023,7,3.6300000000000003,4.1499999999999995,4.420000000000001,59.797,82.6,118.48,2602.0,72577.29,27890.0,7,3,27,-0.4999999999999997,-0.8660254037844388,-0.12053668025532283,-0.992708874098054,15.9,16.0,16.0,12.375,15.975,0.04999999999999968,14.784375,1.3798898442059977,13.96875,1.6360333473485071,0
2023-07-16,16.0,NARANJA VALENCIA MEDIANA,NARANJA,2023,7,3.670000000000001,4.121428571428572,4.420000000000001,36.95399999999999,55.2,118.48,2602.0,72577.29,27890.0,7,3,28,-0.4999999999999997,-0.8660254037844388,-0.23931566428755743,-0.9709418174260521,16.0,15.9,16.0,14.0,15.975,0.04999999999999968,15.2375,1.0253048327204912,14.28125,1.6360333473485063,0
2023-07-23,16.0,NARANJA VALENCIA MEDIANA,NARANJA,2023,7,3.676666666666667,4.116666666666667,4.420000000000001,14.284,51.4,118.48,2602.0,72577.29,27890.0,7,3,29,-0.4999999999999997,-0.8660254037844388,-0.3546048870425356,-0.9350162426854148,16.0,16.0,16.0,14.0,15.975,0.04999999999999968,15.4875,0.9187530369240349,14.606250000000001,1.548354148178578,0
2023-07-30,16.4,NARANJA VALENCIA MEDIANA,NARANJA,2023,7,3.7652380952380953,4.2195238095238095,4.522857142857143,56.133,110.0,118.48,2602.0,72577.29,27890.0,7,3,30,-0.4999999999999997,-0.8660254037844388,-0.46472317204376806,-0.8854560256532101,16.0,16.0,15.9,14.0,15.975,0.04999999999999968,15.7375,0.7029275516418008,14.908333333333333,1.4219198502749897,0
2023-08-06,18.0,NARANJA VALENCIA MEDIANA,NARANJA,2023,8,3.78,4.236666666666666,4.54,66.96600000000001,154.0,119.73,2602.0,72577.29,27890.0,8,3,31,-0.8660254037844385,-0.5000000000000004,-0.5680647467311556,-0.8229838658936566,16.4,16.0,16.0,16.0,16.1,0.1999999999999987,16.0375,0.15059406173074877,15.222916666666668,1.281487875183534,0
2023-08-13,18.0,NARANJA VALENCIA MEDIANA,NARANJA,2023,8,4.017142857142857,4.462380952380952,4.751428571428571,26.945999999999998,93.4,119.73,2602.0,72577.29,27890.0,8,3,32,-0.8660254037844385,-0.5000000000000004,-0.663122658240795,-0.7485107481711013,18.0,16.4,16.0,16.0,16.6,0.952190457139045,16.2875,0.7079901129253093,15.691666666666668,1.1688831758511447,0
2023-08-20,18.0,NARANJA VALENCIA MEDIANA,NARANJA,2023,8,4.056666666666667,4.5,4.786666666666666,60.285,148.8,119.73,2602.0,72577.29,27890.0,8,3,33,-0.8660254037844385,-0.5000000000000004,-0.7485107481711011,-0.6631226582407952,18.0,18.0,16.0,16.0,17.1,1.0519822558706313,16.5375,0.9148575220843284,16.025000000000002,1.2121543556074685,0
2023-08-27,18.0,NARANJA VALENCIA MEDIANA,NARANJA,2023,8,4.290952380952381,4.668571428571428,4.926666666666667,70.525,123.2,119.73,2602.0,72577.29,27890.0,8,3,34,-0.8660254037844385,-0.5000000000000004,-0.8229838658936564,-0.5680647467311559,18.0,18.0,16.4,15.9,17.6,0.7999999999999962,16.7875,1.01480117686738,16.358333333333334,1.1532234139247322,0
2023-09-03,18.0,NARANJA VALENCIA MEDIANA,NARANJA,2023,9,4.329999999999999,4.696666666666666,4.95,71.575,532.4,120.39,2602.0,72577.29,27890.0,9,3,35,-1.0,-1.8369701987210297e-16,-0.8854560256532096,-0.4647231720437691,18.0,18.0,18.0,16.0,18.0,0.0,17.05,1.0239977678547052,16.691666666666666,0.9737073793527647,0
2023-09-10,18.0,NARANJA VALENCIA MEDIANA,NARANJA,2023,9,4.432857142857143,4.69952380952381,4.907142857142857,59.03,57.2,120.39,2602.0,72577.29,27890.0,9,3,36,-1.0,-1.8369701987210297e-16,-0.9350162426854147,-0.3546048870425359,18.0,18.0,18.0,16.0,18.0,0.0,17.3,0.9739463170890985,16.858333333333334,1.0148518327441745,0
2023-09-17,18.0,NARANJA VALENCIA MEDIANA,NARANJA,2023,9,4.45,4.7,4.8999999999999995,102.444,104.2,120.39,2602.0,72577.29,27890.0,9,3,37,-1.0,-1.8369701987210297e-16,-0.970941817426052,-0.23931566428755774,18.0,18.0,18.0,16.0,18.0,0.0,17.55,0.840068024456517,17.025000000000002,1.0252494153308893,0
2023-09-24,18.0,NARANJA VALENCIA MEDIANA,NARANJA,2023,9,4.5528571428571425,4.662857142857143,4.845714285714286,95.62,85.0,120.39,2602.0,72577.29,27890.0,9,3,38,-1.0,-1.8369701987210297e-16,-0.992708874098054,-0.12053668025532357,18.0,18.0,18.0,16.4,18.0,0.0,17.8,0.5656854249492284,17.191666666666666,1.0058540770123618,0
2023-10-01,18.0,NARANJA VALENCIA MEDIANA,NARANJA,2023,10,4.569999999999999,4.656666666666666,4.836666666666667,62.363,92.2,120.62,2602.0,72577.29,27890.0,10,4,39,-0.8660254037844386,0.5000000000000001,-1.0,-1.8369701987210297e-16,18.0,18.0,18.0,18.0,18.0,0.0,18.0,0.0,17.366666666666667,0.9413079230839241,0
2023-10-08,18.0,NARANJA VALENCIA MEDIANA,NARANJA,2023,10,4.644285714285714,4.596666666666667,4.776666666666666,82.18100000000001,95.4,120.62,2602.0,72577.29,27890.0,10,4,40,-0.8660254037844386,0.5000000000000001,-0.992708874098054,0.1205366802553232,18.0,18.0,18.0,18.0,18.0,0.0,18.0,0.0,17.533333333333335,0.8499554355518916,0
2023-10-15,18.0,NARANJA VALENCIA MEDIANA,NARANJA,2023,10,4.656666666666666,4.586666666666667,4.766666666666667,56.468,96.8,120.62,2602.0,72577.29,27890.0,10,4,41,-0.8660254037844386,0.5000000000000001,-0.9709418174260521,0.23931566428755738,18.0,18.0,18.0,18.0,18.0,0.0,18.0,0.0,17.7,0.7058199615920333,0
2023-10-22,16.0,NARANJA VALENCIA MEDIANA,NARANJA,2023,10,4.5338095238095235,4.320952380952381,4.535238095238095,31.659,957.0,120.62,2602.0,72577.29,27890.0,10,4,42,-0.8660254037844386,0.5000000000000001,-0.9350162426854148,0.35460488704253557,18.0,18.0,18.0,18.0,18.0,0.0,18.0,0.0,17.866666666666667,0.4618802153516559,0
2023-10-29,16.0,NARANJA VALENCIA MEDIANA,NARANJA,2023,10,4.513333333333333,4.276666666666666,4.496666666666667,70.754,84.4,120.62,2602.0,72577.29,27890.0,10,4,43,-0.8660254037844386,0.5000000000000001,-0.8854560256532101,0.464723172043768,16.0,18.0,18.0,18.0,17.5,1.0,17.75,0.7071067811865476,17.833333333333332,0.5773502691896255,0
2023-11-05,16.0,NARANJA VALENCIA MEDIANA,NARANJA,2023,11,4.3933333333333335,4.036666666666667,4.225238095238095,71.204,170.0,122.34,2602.0,72577.29,27890.0,11,4,44,-0.5000000000000004,0.8660254037844384,-0.822983865893657,0.5680647467311548,16.0,16.0,18.0,18.0,17.0,1.1547005383792512,17.5,0.9258200997725516,17.666666666666668,0.7784989441615224,1
2023-11-12,16.0,NARANJA VALENCIA MEDIANA,NARANJA,2023,11,4.373333333333334,3.9966666666666666,4.18,35.12,83.4,122.34,2602.0,72577.29,27890.0,11,4,45,-0.5000000000000004,0.8660254037844384,-0.7485107481711011,0.6631226582407952,16.0,16.0,18.0,18.0,16.5,1.0,17.25,1.0350983390135313,17.5,0.9045340337332898,1
2023-11-19,16.0,NARANJA VALENCIA MEDIANA,NARANJA,2023,11,4.259047619047618,3.888095238095238,4.005714285714285,12.363999999999999,51.2,122.34,2602.0,72577.29,27890.0,11,4,46,-0.5000000000000004,0.8660254037844384,-0.6631226582407955,0.7485107481711007,16.0,16.0,16.0,18.0,16.0,0.0,17.0,1.0690449676496974,17.333333333333332,0.9847319278346601,1
2023-11-26,15.2,NARANJA VALENCIA MEDIANA,NARANJA,2023,11,4.239999999999999,3.8699999999999997,3.9766666666666666,4.182,33.6,122.34,2602.0,72577.29,27890.0,11,4,47,-0.5000000000000004,0.8660254037844384,-0.5680647467311559,0.8229838658936564,16.0,16.0,16.0,18.0,16.0,0.0,16.75,1.0350983390135313,17.166666666666668,1.0298573010888716,1
2023-12-03,12.0,NARANJA VALENCIA MEDIANA,NARANJA,2023,12,4.054285714285714,3.7785714285714285,3.890952380952381,0.576,6.8,114.17,2602.0,72577.29,27890.0,12,4,48,-2.4492935982947064e-16,1.0,-0.4647231720437684,0.88545602565321,15.2,16.0,16.0,18.0,15.8,0.40000000000000063,16.4,1.0253919111386498,16.933333333333334,1.1356482596724042,1
2023-12-10,12.0,NARANJA VALENCIA MEDIANA,NARANJA,2023,12,4.023333333333333,3.763333333333333,3.8766666666666674,0.227,11.8,114.17,2602.0,72577.29,27890.0,12,4,49,-2.4492935982947064e-16,1.0,-0.35460488704253595,0.9350162426854147,12.0,15.2,16.0,18.0,14.8,1.904380914278094,15.649999999999999,1.6758793001202186,16.433333333333334,1.7680669122124846,1
2023-12-17,12.0,NARANJA VALENCIA MEDIANA,NARANJA,2023,12,3.8376190476190475,3.723333333333333,3.8423809523809522,0.032,1.2,114.17,2602.0,72577.29,27890.0,12,4,50,-2.4492935982947064e-16,1.0,-0.2393156642875578,0.970941817426052,12.0,12.0,16.0,16.0,13.8,2.1039645117412675,14.899999999999999,1.8110770276274857,15.933333333333332,2.101658796515189,1
2023-12-24,11.2,NARANJA VALENCIA MEDIANA,NARANJA,2023,12,3.778809523809524,3.705238095238095,3.8245238095238094,0.082,5.0,114.17,2602.0,72577.29,27890.0,12,4,51,-2.4492935982947064e-16,1.0,-0.12053668025532363,0.992708874098054,12.0,12.0,15.2,16.0,12.8,1.6000000000000019,14.399999999999999,2.0057061456896306,15.433333333333332,2.2720968822706937,1
2023-12-31,11.766666666666666,NARANJA VALENCIA MEDIANA,NARANJA,2023,12,3.5688095238095237,3.6238095238095234,3.730238095238095,25.959000000000003,2240.8,114.17,2602.0,72577.29,27890.0,12,4,52,-2.4492935982947064e-16,1.0,6.432490598706546e-16,1.0,11.2,12.0,12.0,16.0,11.799999999999999,0.40000000000000063,13.799999999999999,2.1699242909768635,14.866666666666665,2.417110722003483,1
2024-01-07,12.333333333333334,NARANJA VALENCIA MEDIANA,NARANJA,2024,1,3.5823809523809524,3.6309523809523805,3.735238095238095,0.14200000000000002,6.0,114.66,2221.0,55495.13,24988.4,1,1,1,0.49999999999999994,0.8660254037844387,0.12053668025532305,0.992708874098054,11.766666666666666,11.2,12.0,16.0,11.741666666666667,0.3774917217635383,13.270833333333334,2.0706902077587452,14.347222222222221,2.3514215916511967,1
2024-01-14,12.0,NARANJA VALENCIA MEDIANA,NARANJA,2024,1,3.7409523809523813,3.723809523809524,3.8809523809523805,0.027,1.2,114.66,2221.0,55495.13,24988.4,1,1,2,0.49999999999999994,0.8660254037844387,0.23931566428755774,0.970941817426052,12.333333333333334,11.766666666666666,12.0,16.0,11.825000000000001,0.4771636880413112,12.812499999999998,1.763288549255773,13.875,2.107520204918888,1
2024-01-21,12.2,NARANJA VALENCIA MEDIANA,NARANJA,2024,1,3.7466666666666666,3.73,3.896666666666666,0.026000000000000002,1.0,114.66,2221.0,55495.13,24988.4,1,1,3,0.49999999999999994,0.8660254037844387,0.3546048870425356,0.9350162426854148,12.0,12.333333333333334,11.2,15.2,11.825,0.4771636880413112,12.3125,1.2109208748218805,13.541666666666666,2.0565797339320775,1
2024-01-28,13.0,NARANJA VALENCIA MEDIANA,NARANJA,2024,1,3.818095238095238,3.7871428571428574,4.013809523809523,0.152,3.8,114.66,2221.0,55495.13,24988.4,1,1,4,0.49999999999999994,0.8660254037844387,0.4647231720437685,0.8854560256532099,12.2,12.0,11.766666666666666,12.0,12.075,0.2470192675046178,11.9375,0.34107090916610094,13.225,1.9324514707667606,1
2024-02-04,13.666666666666666,NARANJA VALENCIA MEDIANA,NARANJA,2024,2,3.8300000000000005,3.796666666666667,4.033333333333332,0.749,10.4,116.87,2221.0,55495.13,24988.4,2,1,5,0.8660254037844386,0.5000000000000001,0.5680647467311558,0.8229838658936564,13.0,12.2,12.333333333333334,12.0,12.383333333333333,0.4333333333333314,12.0625,0.5091036318241434,12.975,1.7235812493852007,1
2024-02-11,13.3,NARANJA VALENCIA MEDIANA,NARANJA,2024,2,3.9328571428571424,3.8680952380952385,4.116190476190476,1.8419999999999999,50.4,116.87,2221.0,55495.13,24988.4,2,1,6,0.8660254037844386,0.5000000000000001,0.6631226582407952,0.7485107481711011,13.666666666666666,13.0,12.0,12.0,12.716666666666665,0.7666666666666643,12.270833333333334,0.7593726525210464,12.780555555555553,1.46325072820847,1
2024-02-18,14.1,NARANJA VALENCIA MEDIANA,NARANJA,2024,2,3.9499999999999997,3.8800000000000003,4.13,0.011,0.6,116.87,2221.0,55495.13,24988.4,2,1,7,0.8660254037844386,0.5000000000000001,0.7485107481711011,0.6631226582407953,13.3,13.666666666666666,12.2,11.2,13.041666666666666,0.6238322424070928,12.433333333333334,0.8290365415960937,12.555555555555555,1.0808090248272675,1
2024-02-25,14.0,NARANJA VALENCIA MEDIANA,NARANJA,2024,2,4.075714285714286,3.9971428571428573,4.224285714285714,0.009000000000000001,0.6,116.87,2221.0,55495.13,24988.4,2,1,8,0.8660254037844386,0.5000000000000001,0.8229838658936564,0.5680647467311559,14.1,13.3,13.0,11.766666666666666,13.516666666666667,0.47492689495915874,12.795833333333333,0.8465499544603671,12.463888888888889,0.8602863433720849,1
2024-03-03,13.0,NARANJA VALENCIA MEDIANA,NARANJA,2024,3,4.096666666666667,4.016666666666667,4.239999999999999,0.05,2.0,114.99,2221.0,55495.13,24988.4,3,1,9,1.0,6.123233995736766e-17,0.8854560256532099,0.4647231720437686,14.0,14.1,13.666666666666666,12.333333333333334,13.766666666666667,0.3620926830399943,13.075,0.8266877877486295,12.630555555555555,0.9511777211641257,0
2024-03-10,12.0,NARANJA VALENCIA MEDIANA,NARANJA,2024,3,4.088095238095238,4.085238095238095,4.325714285714286,0.006,0.2,114.99,2221.0,55495.13,24988.4,3,1,10,1.0,6.123233995736766e-17,0.9350162426854148,0.35460488704253557,13.0,14.0,13.3,12.0,13.600000000000001,0.5354126134736262,13.158333333333333,0.7731095735395065,12.713888888888889,0.9345725899713991,0
2024-03-17,12.9,NARANJA VALENCIA MEDIANA,NARANJA,2024,3,4.086666666666667,4.096666666666667,4.34,0.81,39.6,114.99,2221.0,55495.13,24988.4,3,1,11,1.0,6.123233995736766e-17,0.970941817426052,0.23931566428755804,12.0,13.0,14.1,12.2,13.275,0.9844626283748217,13.158333333333333,0.7731095735395065,12.713888888888889,0.9345725899713991,0
2024-03-24,13.875,NARANJA VALENCIA MEDIANA,NARANJA,2024,3,3.9895238095238095,4.173809523809523,4.474285714285714,0.595,27.2,114.99,2221.0,55495.13,24988.4,3,1,12,1.0,6.123233995736766e-17,0.992708874098054,0.120536680255323,12.9,12.0,14.0,13.0,12.975,0.8180260794538677,13.245833333333334,0.6835800948182815,12.855555555555556,0.8039464946934533,0
2024-03-31,13.375,NARANJA VALENCIA MEDIANA,NARANJA,2024,3,3.973333333333333,4.1866666666666665,4.496666666666667,0.131,10.4,114.99,2221.0,55495.13,24988.4,3,1,13,1.0,6.123233995736766e-17,1.0,-1.6081226496766366e-16,13.875,12.9,13.0,13.666666666666666,12.94375,0.7665874053230978,13.355208333333334,0.7081853837085578,13.03125,0.7741737612617651,0
2024-04-07,12.875,NARANJA VALENCIA MEDIANA,NARANJA,2024,4,3.967619047619048,4.2838095238095235,4.59952380952381,12.257000000000001,67.8,117.56,2221.0,55495.13,24988.4,4,2,14,0.8660254037844387,-0.4999999999999998,0.992708874098054,-0.12053668025532288,13.375,13.875,12.0,13.3,13.0375,0.7980444849756173,13.31875,0.6972842728348904,13.118055555555555,0.7467170009188261,0
2024-04-14,13.125,NARANJA VALENCIA MEDIANA,NARANJA,2024,4,3.9666666666666663,4.3,4.616666666666667,6.317,37.6,117.56,2221.0,55495.13,24988.4,4,2,15,0.8660254037844387,-0.4999999999999998,0.9709418174260521,-0.2393156642875575,12.875,13.375,12.9,14.1,13.25625,0.4723059566283935,13.265625,0.7148847934158116,13.190972222222221,0.6659698852403653,0
2024-04-21,15.4,NARANJA VALENCIA MEDIANA,NARANJA,2024,4,3.986666666666667,4.354285714285714,4.679523809523809,32.095,74.2,117.56,2221.0,55495.13,24988.4,4,2,16,0.8660254037844387,-0.4999999999999998,0.9350162426854148,-0.35460488704253545,13.125,12.875,13.875,14.0,13.3125,0.42695628191497687,13.14375,0.6304406055631907,13.268055555555556,0.5900461518215241,0
2024-04-28,14.9,NARANJA VALENCIA MEDIANA,NARANJA,2024,4,3.9899999999999998,4.363333333333333,4.69,21.742,119.4,117.56,2221.0,55495.13,24988.4,4,2,17,0.8660254037844387,-0.4999999999999998,0.8854560256532099,-0.4647231720437685,15.4,13.125,13.375,13.0,13.69375,1.1556698995243653,13.318750000000001,0.9924491710626203,13.468055555555557,0.843317712555413,0
2024-05-05,15.5,NARANJA VALENCIA MEDIANA,NARANJA,2024,5,3.9442857142857135,4.34047619047619,4.678571428571429,9.120000000000001,41.4,117.76,2221.0,55495.13,24988.4,5,2,18,0.49999999999999994,-0.8660254037844387,0.8229838658936565,-0.5680647467311557,14.9,15.4,12.875,12.0,14.075,1.2621080249592949,13.55625,1.123908200369215,13.570833333333335,0.9394046309264137,0
2024-05-12,15.25,NARANJA VALENCIA MEDIANA,NARANJA,2024,5,3.936666666666666,4.336666666666667,4.676666666666667,3.342,30.0,117.76,2221.0,55495.13,24988.4,5,2,19,0.49999999999999994,-0.8660254037844387,0.7485107481711013,-0.663122658240795,15.5,14.9,13.125,12.9,14.73125,1.1025302339013854,13.99375,1.1127307144395562,13.754166666666668,1.085117993863337,0
2024-05-19,15.5,NARANJA VALENCIA MEDIANA,NARANJA,2024,5,3.8195238095238095,4.256666666666667,4.562380952380953,19.638,90.0,117.76,2221.0,55495.13,24988.4,5,2,20,0.49999999999999994,-0.8660254037844387,0.6631226582407952,-0.7485107481711012,15.25,15.5,15.4,13.875,15.2625,0.26259918760975554,14.2875,1.0927520957917054,13.850000000000001,1.1661903789690315,0
2024-05-26,15.5,NARANJA VALENCIA MEDIANA,NARANJA,2024,5,3.8000000000000003,4.243333333333333,4.543333333333334,25.341,114.0,117.76,2221.0,55495.13,24988.4,5,2,21,0.49999999999999994,-0.8660254037844387,0.5680647467311558,-0.8229838658936564,15.5,15.25,14.9,13.375,15.287500000000001,0.2839454172899607,14.490625,1.1544121494138504,13.975000000000001,1.2603210269248963,0
2024-06-02,15.375,NARANJA VALENCIA MEDIANA,NARANJA,2024,6,3.7399999999999998,4.16047619047619,4.426190476190476,59.824,72.6,116.08,2221.0,55495.13,24988.4,6,2,22,1.2246467991473532e-16,-1.0,0.46472317204376906,-0.8854560256532096,15.5,15.5,15.5,12.875,15.4375,0.1249999999998721,14.75625,1.1044350527370568,14.183333333333335,1.2907597011297425,0
2024-06-09,15.375,NARANJA VALENCIA MEDIANA,NARANJA,2024,6,3.73,4.1466666666666665,4.406666666666666,81.517,142.2,116.08,2221.0,55495.13,24988.4,6,2,23,1.2246467991473532e-16,-1.0,0.35460488704253584,-0.9350162426854147,15.375,15.5,15.25,13.125,15.40625,0.11967838846941047,15.06875,0.8107260855025599,14.464583333333335,1.1293832957804084,0
2024-06-16,15.5,NARANJA VALENCIA MEDIANA,NARANJA,2024,6,3.6757142857142857,4.043809523809523,4.280952380952381,213.586,385.6,116.08,2221.0,55495.13,24988.4,6,2,24,1.2246467991473532e-16,-1.0,0.23931566428755768,-0.970941817426052,15.375,15.375,15.5,15.4,15.4375,0.07216878364848144,15.35,0.20133483127797738,14.670833333333334,1.0401504116173865,0
2024-06-23,15.875,NARANJA VALENCIA MEDIANA,NARANJA,2024,6,3.6666666666666665,4.026666666666666,4.260000000000001,237.173,312.4,116.08,2221.0,55495.13,24988.4,6,2,25,1.2246467991473532e-16,-1.0,0.12053668025532308,-0.992708874098054,15.5,15.375,15.5,14.9,15.4375,0.07216878364848144,15.362499999999999,0.20788046015511646,14.80625,1.0328757845760435,0
2024-06-30,15.666666666666666,NARANJA VALENCIA MEDIANA,NARANJA,2024,6,3.683809523809523,3.9666666666666672,4.217142857142857,120.485,117.2,116.08,2221.0,55495.13,24988.4,6,2,26,1.2246467991473532e-16,-1.0,-3.216245299353273e-16,-1.0,15.875,15.5,15.375,15.5,15.53125,0.23662118107494107,15.484375,0.1822172467139616,15.014583333333334,0.968037983696265,0
2021-05-09,8.0,TOMATE DE PASTA GRANDE,TOMATE,2021,5,2.9323809523809525,3.461904761904762,3.65,37.323,69.4,111.72,422.0,23016.73,54567.7,5,2,18,0.49999999999999994,-0.8660254037844387,0.8229838658936565,-0.5680647467311557,,,,,,,,,,,0
2021-05-16,8.822222222222223,TOMATE DE PASTA GRANDE,TOMATE,2021,5,2.94,3.4666666666666663,3.6566666666666667,16.133,85.2,111.72,422.0,23016.73,54567.7,5,2,19,0.49999999999999994,-0.8660254037844387,0.7485107481711013,-0.663122658240795,8.0,,,,8.0,,8.0,,8.0,,0
2021-05-23,13.24,TOMATE DE PASTA GRANDE,TOMATE,2021,5,3.0314285714285716,3.5180952380952375,3.710952380952381,20.783,73.0,111.72,422.0,23016.73,54567.7,5,2,20,0.49999999999999994,-0.8660254037844387,0.6631226582407952,-0.7485107481711012,8.822222222222223,8.0,,,8.411111111111111,0.5813989089756062,8.411111111111111,0.5813989089756062,8.411111111111111,0.5813989089756062,0
2021-05-30,11.8,TOMATE DE PASTA GRANDE,TOMATE,2021,5,3.046666666666667,3.526666666666666,3.72,46.988,108.4,111.72,422.0,23016.73,54567.7,5,2,21,0.49999999999999994,-0.8660254037844387,0.5680647467311558,-0.8229838658936564,13.24,8.822222222222223,,,10.020740740740742,2.8181084044840907,10.020740740740742,2.8181084044840907,10.020740740740742,2.8181084044840907,0
2021-06-06,12.591111111111113,TOMATE DE PASTA GRANDE,TOMATE,2021,6,3.1066666666666665,3.5609523809523806,3.768571428571428,54.7,74.0,112.93,422.0,23016.73,54567.7,6,2,22,1.2246467991473532e-16,-1.0,0.46472317204376906,-0.8854560256532096,11.8,13.24,8.0,,10.465555555555556,2.466967949568362,10.465555555555556,2.466967949568362,10.465555555555556,2.466967949568362,0
2021-06-13,15.191111111111113,TOMATE DE PASTA GRANDE,TOMATE,2021,6,3.1166666666666667,3.5666666666666664,3.776666666666666,87.374,116.2,112.93,422.0,23016.73,54567.7,6,2,23,1.2246467991473532e-16,-1.0,0.35460488704253584,-0.9350162426854147,12.591111111111113,11.8,8.822222222222223,,11.613333333333333,1.9516864080561052,10.890666666666666,2.3383852189275323,10.890666666666666,2.3383852189275323,0
2021-06-20,14.75,TOMATE DE PASTA GRANDE,TOMATE,2021,6,3.1595238095238094,3.5752380952380953,3.793809523809524,69.86,135.0,112.93,422.0,23016.73,54567.7,6,2,24,1.2246467991473532e-16,-1.0,0.23931566428755768,-0.970941817426052,15.191111111111113,12.591111111111113,13.24,,13.205555555555556,1.4487633437996146,11.607407407407408,2.730703221205945,11.607407407407408,2.730703221205945,0
2021-06-27,18.413333333333334,TOMATE DE PASTA GRANDE,TOMATE,2021,6,3.1666666666666665,3.5766666666666667,3.796666666666667,114.338,113.0,112.93,422.0,23016.73,54567.7,6,2,25,1.2246467991473532e-16,-1.0,0.12053668025532308,-0.992708874098054,14.75,15.191111111111113,11.8,,13.583055555555557,1.644267101298178,12.056349206349207,2.761302453634298,12.056349206349207,2.761302453634298,0
2021-07-04,17.240000000000002,TOMATE DE PASTA GRANDE,TOMATE,2021,7,3.212380952380953,3.6538095238095236,3.848095238095238,46.013000000000005,107.2,113.5,422.0,23016.73,54567.7,7,3,26,-0.4999999999999997,-0.8660254037844388,-3.216245299353273e-16,-1.0,18.413333333333334,14.75,12.591111111111113,8.0,15.23638888888889,2.4034069396786424,12.850972222222223,3.403959642503919,12.850972222222223,3.403959642503919,0
2021-07-11,13.040000000000001,TOMATE DE PASTA GRANDE,TOMATE,2021,7,3.22,3.6666666666666665,3.856666666666667,26.548000000000002,104.4,113.5,422.0,23016.73,54567.7,7,3,27,-0.4999999999999997,-0.8660254037844388,-0.12053668025532283,-0.992708874098054,17.240000000000002,18.413333333333334,15.191111111111113,8.822222222222223,16.398611111111112,1.7265587875637372,14.005972222222223,3.074503956921951,13.338641975308642,3.504136082474439,0
2021-07-18,11.040000000000001,TOMATE DE PASTA GRANDE,TOMATE,2021,7,3.2257142857142855,3.7066666666666666,3.905238095238096,41.922,63.0,113.5,422.0,23016.73,54567.7,7,3,28,-0.4999999999999997,-0.8660254037844388,-0.23931566428755743,-0.9709418174260521,13.040000000000001,17.240000000000002,14.75,13.24,15.860833333333334,2.422698793586283,14.533194444444446,2.330118150488957,13.308777777777777,3.3050806983334864,0
2021-07-25,12.283333333333335,TOMATE DE PASTA GRANDE,TOMATE,2021,7,3.2266666666666666,3.7133333333333334,3.9133333333333336,22.721,112.8,113.5,422.0,23016.73,54567.7,7,3,29,-0.4999999999999997,-0.8660254037844388,-0.3546048870425356,-0.9350162426854148,11.040000000000001,13.040000000000001,18.413333333333334,11.8,14.933333333333335,3.472456703193799,14.258194444444445,2.6167376014043056,13.102525252525254,3.2092279018714747,0
2021-08-01,11.153333333333334,TOMATE DE PASTA GRANDE,TOMATE,2021,8,3.212380952380953,3.741904761904762,3.9590476190476194,55.868,97.4,112.71,422.0,23016.73,54567.7,8,3,30,-0.8660254037844385,-0.5000000000000004,-0.46472317204376806,-0.8854560256532101,12.283333333333335,11.040000000000001,17.240000000000002,12.591111111111113,13.400833333333335,2.688973885249829,14.318611111111112,2.55676594869419,13.03425925925926,3.0690032393112756,0
2021-08-08,11.796666666666667,TOMATE DE PASTA GRANDE,TOMATE,2021,8,3.2100000000000004,3.7466666666666666,3.9666666666666663,92.913,82.8,112.71,422.0,23016.73,54567.7,8,3,31,-0.8660254037844385,-0.5000000000000004,-0.5680647467311556,-0.8229838658936566,11.153333333333334,12.283333333333335,13.040000000000001,15.191111111111113,11.879166666666666,0.9560194287503605,14.138888888888891,2.739543532311922,13.297037037037038,2.7131343805373365,0
2021-08-15,12.440000000000001,TOMATE DE PASTA GRANDE,TOMATE,2021,8,3.224285714285714,3.7895238095238097,3.9952380952380957,45.388999999999996,110.2,112.71,422.0,23016.73,54567.7,8,3,32,-0.8660254037844385,-0.5000000000000004,-0.663122658240795,-0.7485107481711013,11.796666666666667,11.153333333333334,11.040000000000001,14.75,11.568333333333333,0.5815846806276462,13.714583333333335,2.815118446012414,13.544907407407408,2.382930716779798,0
2021-08-22,16.89777777777778,TOMATE DE PASTA GRANDE,TOMATE,2021,8,3.2266666666666666,3.796666666666667,4.0,109.962,147.8,112.71,422.0,23016.73,54567.7,8,3,33,-0.8660254037844385,-0.5000000000000004,-0.7485107481711011,-0.6631226582407952,12.440000000000001,11.796666666666667,12.283333333333335,18.413333333333334,11.918333333333335,0.5789038172526126,13.425833333333335,2.8122107611413747,13.47824074074074,2.403339822550316,0
2021-08-29,15.52888888888889,TOMATE DE PASTA GRANDE,TOMATE,2021,8,3.192380952380952,3.779523809523809,3.962857142857143,56.402,117.8,112.71,422.0,23016.73,54567.7,8,3,34,-0.8660254037844385,-0.5000000000000004,-0.8229838658936564,-0.5680647467311559,16.89777777777778,12.440000000000001,11.153333333333334,17.240000000000002,13.071944444444444,2.604083746828015,13.23638888888889,2.4568223946104855,13.903055555555559,2.527082316362098,0
2021-09-05,10.93,TOMATE DE PASTA GRANDE,TOMATE,2021,9,3.186666666666666,3.776666666666666,3.956666666666667,58.578,122.0,112.13,422.0,23016.73,54567.7,9,3,35,-1.0,-1.8369701987210297e-16,-0.8854560256532096,-0.4647231720437691,15.52888888888889,16.89777777777778,11.796666666666667,13.040000000000001,14.165833333333335,2.443555625446288,13.0225,2.1082321848710746,14.14787037037037,2.530729676491198,0
2021-09-12,10.791111111111112,TOMATE DE PASTA GRANDE,TOMATE,2021,9,3.1809523809523808,3.759523809523809,3.905238095238095,137.219,197.8,112.13,422.0,23016.73,54567.7,9,3,36,-1.0,-1.8369701987210297e-16,-0.9350162426854147,-0.3546048870425359,10.93,15.52888888888889,12.440000000000001,11.040000000000001,13.949166666666667,2.7436460639593867,12.758750000000001,2.233966303534202,13.79277777777778,2.6663521068681493,0
2021-09-19,12.372222222222224,TOMATE DE PASTA GRANDE,TOMATE,2021,9,3.1799999999999997,3.7566666666666664,3.896666666666666,34.107,84.6,112.13,422.0,23016.73,54567.7,9,3,37,-1.0,-1.8369701987210297e-16,-0.970941817426052,-0.23931566428755774,10.791111111111112,10.93,16.89777777777778,12.283333333333335,13.536944444444444,3.1410615718820143,12.727638888888889,2.2628678435615788,13.462870370370373,2.779657120145263,0
2021-09-26,14.913333333333332,TOMATE DE PASTA GRANDE,TOMATE,2021,9,3.237142857142857,3.7652380952380957,3.890952380952381,81.89,758.0,112.13,422.0,23016.73,54567.7,9,3,38,-1.0,-1.8369701987210297e-16,-0.992708874098054,-0.12053668025532357,12.372222222222224,10.791111111111112,15.52888888888889,11.153333333333334,12.405555555555557,2.2015159386167413,12.73875,2.2605916440455878,12.959444444444445,2.3087306359275614,0
2021-10-03,15.875,TOMATE DE PASTA GRANDE,TOMATE,2021,10,3.2466666666666666,3.766666666666667,3.89,28.262,66.8,112.85,422.0,23016.73,54567.7,10,4,39,-0.8660254037844386,0.5000000000000001,-1.0,-1.8369701987210297e-16,14.913333333333332,12.372222222222224,10.93,11.796666666666667,12.251666666666665,1.9130280007588112,13.20875,2.274705278698377,12.765555555555556,1.992623208306222,0
2021-10-10,27.212929292929296,TOMATE DE PASTA GRANDE,TOMATE,2021,10,3.318095238095238,3.7495238095238093,3.878571428571429,61.594,107.0,112.85,422.0,23016.73,54567.7,10,4,40,-0.8660254037844386,0.5000000000000001,-0.992708874098054,0.1205366802553232,15.875,14.913333333333332,10.791111111111112,12.440000000000001,13.487916666666667,2.3271952941776926,13.718541666666667,2.368115528961729,13.001805555555556,2.1867280664600743,0
2021-10-17,19.419999999999998,TOMATE DE PASTA GRANDE,TOMATE,2021,10,3.3300000000000005,3.7466666666666666,3.8766666666666674,41.412000000000006,129.4,112.85,422.0,23016.73,54567.7,10,4,41,-0.8660254037844386,0.5000000000000001,-0.9709418174260521,0.23931566428755738,27.212929292929296,15.875,12.372222222222224,16.89777777777778,17.593371212121212,6.581076332919714,15.565157828282828,5.243222792155589,14.349549663299664,4.561797519366855,0
2021-10-24,18.8,TOMATE DE PASTA GRANDE,TOMATE,2021,10,3.481428571428571,3.8352380952380956,3.970952380952381,58.775,101.6,112.85,422.0,23016.73,54567.7,10,4,42,-0.8660254037844386,0.5000000000000001,-0.9350162426854148,0.35460488704253557,19.419999999999998,27.212929292929296,14.913333333333332,15.52888888888889,19.355315656565658,5.585400020049225,15.880435606060606,5.408042005846904,14.944271885521886,4.730037911823687,0
2021-10-31,18.185454545454547,TOMATE DE PASTA GRANDE,TOMATE,2021,10,3.5066666666666664,3.85,3.986666666666667,13.722999999999999,56.2,112.85,422.0,23016.73,54567.7,10,4,43,-0.8660254037844386,0.5000000000000001,-0.8854560256532101,0.464723172043768,18.8,19.419999999999998,15.875,10.93,20.326982323232325,4.843920733798592,16.289324494949497,5.500534760072781,15.581494107744108,4.6877853210674,0
2021-11-07,22.233333333333334,TOMATE DE PASTA GRANDE,TOMATE,2021,11,3.635238095238095,3.9871428571428575,4.126666666666666,6.887,51.0,114.65,422.0,23016.73,54567.7,11,4,44,-0.5000000000000004,0.8660254037844384,-0.822983865893657,0.5680647467311548,18.185454545454547,18.8,27.212929292929296,10.791111111111112,20.904595959595962,4.235648269585956,17.196256313131315,5.072107565204042,16.1138930976431,4.580422274793287,1
2021-11-14,23.14,TOMATE DE PASTA GRANDE,TOMATE,2021,11,3.6566666666666667,4.010000000000001,4.1499999999999995,0.47300000000000003,14.0,114.65,422.0,23016.73,54567.7,11,4,45,-0.5000000000000004,0.8660254037844384,-0.7485107481711011,0.6631226582407952,22.233333333333334,18.185454545454547,19.419999999999998,12.372222222222224,19.65969696969697,1.7882513222564176,18.626534090909093,4.599140133090811,16.93000420875421,4.7361334491216125,1
2021-11-21,25.9,TOMATE DE PASTA GRANDE,TOMATE,2021,11,3.6366666666666667,3.9899999999999998,4.138571428571429,5.734,28.8,114.65,422.0,23016.73,54567.7,11,4,46,-0.5000000000000004,0.8660254037844384,-0.6631226582407955,0.7485107481711007,23.14,22.233333333333334,18.8,14.913333333333332,20.58969696969697,2.462314826886142,19.972506313131312,4.050157977949286,17.450189393939393,5.06374329907842,1
2021-11-28,25.612147435897434,TOMATE DE PASTA GRANDE,TOMATE,2021,11,3.6333333333333333,3.986666666666667,4.136666666666667,0.29,5.2,114.65,422.0,23016.73,54567.7,11,4,47,-0.5000000000000004,0.8660254037844384,-0.5680647467311559,0.8229838658936564,25.9,23.14,18.185454545454547,15.875,22.364696969696972,3.192845436827625,21.345839646464647,3.9510948236301426,18.314448653198653,5.566139783871602,1
2021-12-05,19.55,TOMATE DE PASTA GRANDE,TOMATE,2021,12,3.5533333333333332,3.8952380952380956,4.05095238095238,0.014,0.6,113.44,422.0,23016.73,54567.7,12,4,48,-2.4492935982947064e-16,1.0,-0.4647231720437684,0.88545602565321,25.612147435897434,25.9,22.233333333333334,27.212929292929296,24.221370192307692,1.8141767111660816,22.562983075951827,3.4989354060610527,19.53796093952344,5.406759833455991,1
2021-12-12,16.883333333333333,TOMATE DE PASTA GRANDE,TOMATE,2021,12,3.5399999999999996,3.8800000000000003,4.036666666666666,0.7849999999999999,14.4,113.44,422.0,23016.73,54567.7,12,4,49,-2.4492935982947064e-16,1.0,-0.35460488704253595,0.9350162426854147,19.55,25.612147435897434,23.14,19.419999999999998,23.55053685897436,2.9406944131450685,21.605116914335664,3.0662645808202176,20.267868346930847,4.65796635298482,1
2021-12-19,12.691818181818181,TOMATE DE PASTA GRANDE,TOMATE,2021,12,3.382857142857143,3.7257142857142855,3.865238095238095,3.7199999999999998,34.4,113.44,422.0,23016.73,54567.7,12,4,50,-2.4492935982947064e-16,1.0,-0.2393156642875578,0.970941817426052,16.883333333333333,19.55,25.9,18.8,21.986370192307692,4.488490607090055,21.28803358100233,3.4336573356664726,20.643794272856773,4.11296356228105,1
2021-12-26,18.0,TOMATE DE PASTA GRANDE,TOMATE,2021,12,3.356666666666667,3.6999999999999997,3.8366666666666664,1.351,25.0,113.44,422.0,23016.73,54567.7,12,4,51,-2.4492935982947064e-16,1.0,-0.12053668025532363,0.992708874098054,12.691818181818181,16.883333333333333,25.612147435897434,18.185454545454547,18.684324737762235,5.4128804980437355,20.524510853729605,4.5602457850413645,20.45866801023051,4.431966958020555,1
2022-01-02,15.205384615384617,TOMATE DE PASTA GRANDE,TOMATE,2022,1,3.3138095238095238,3.6371428571428575,3.7595238095238095,0.31,6.2,113.35,400.0,23659.0,59088.4,1,1,52,0.49999999999999994,0.8660254037844387,6.432490598706546e-16,1.0,18.0,12.691818181818181,19.55,22.233333333333334,16.78128787878788,2.9374139262148433,20.501329035547787,4.574284687306331,20.635751343563843,4.271729223628644,1
2022-01-09,12.410769230769231,TOMATE DE PASTA GRANDE,TOMATE,2022,1,3.306666666666667,3.6266666666666674,3.7466666666666666,1.0110000000000001,38.0,113.35,400.0,23659.0,59088.4,1,1,1,0.49999999999999994,0.8660254037844387,0.12053668025532305,0.992708874098054,15.205384615384617,18.0,16.883333333333333,23.14,15.695134032634034,2.308245025783417,19.622835445804196,4.8600667737890975,19.63512262043512,3.9879237601713,1
2022-01-16,9.41060606060606,TOMATE DE PASTA GRANDE,TOMATE,2022,1,3.4266666666666667,3.7380952380952377,3.852380952380952,0.193,4.4,113.35,400.0,23659.0,59088.4,1,1,2,0.49999999999999994,0.8660254037844387,0.23931566428755774,0.970941817426052,12.410769230769231,15.205384615384617,12.691818181818181,25.9,14.576993006993007,2.60501199343506,18.28168159965035,5.218040776221235,19.051020056332558,4.50242146545598,1
2022-01-23,11.689393939393941,TOMATE DE PASTA GRANDE,TOMATE,2022,1,3.4466666666666668,3.7566666666666664,3.8699999999999997,0.027,1.2,113.35,400.0,23659.0,59088.4,1,1,3,0.49999999999999994,0.8660254037844387,0.3546048870425356,0.9350162426854148,9.41060606060606,12.410769230769231,18.0,25.612147435897434,13.756689976689978,3.6880141074408725,16.220507357226108,5.032257924138897,18.26857056138306,5.295947283907023,1
2022-01-30,11.566666666666668,TOMATE DE PASTA GRANDE,TOMATE,2022,1,3.6295238095238096,3.8938095238095234,4.0128571428571425,0.05,1.6,113.35,400.0,23659.0,59088.4,1,1,4,0.49999999999999994,0.8660254037844387,0.4647231720437685,0.8854560256532099,11.689393939393941,9.41060606060606,15.205384615384617,19.55,12.179038461538461,2.388614654906744,14.480163170163172,3.4920939487405818,17.727232177544675,5.62688129165839,1
2022-02-06,13.562500000000002,TOMATE DE PASTA GRANDE,TOMATE,2022,2,3.66,3.9166666666666665,4.036666666666666,0.262,4.2,115.93,400.0,23659.0,59088.4,2,1,5,0.8660254037844386,0.5000000000000001,0.5680647467311558,0.8229838658936564,11.566666666666668,11.689393939393941,12.410769230769231,16.883333333333333,11.269358974358974,1.2939089359482698,13.482246503496505,2.932126386713759,16.83834328865579,5.692466010444341,1
2022-02-13,13.93939393939394,TOMATE DE PASTA GRANDE,TOMATE,2022,2,3.837142857142857,4.062380952380953,4.199523809523809,0.9410000000000001,17.9,115.93,400.0,23659.0,59088.4,2,1,6,0.8660254037844386,0.5000000000000001,0.6631226582407952,0.7485107481711011,13.562500000000002,11.566666666666668,9.41060606060606,12.691818181818181,11.557291666666668,1.6977100706953843,13.067142336829837,2.597859373731184,16.04021828865579,5.392099370521877,1
2022-02-20,12.200000000000001,TOMATE DE PASTA GRANDE,TOMATE,2022,2,3.8666666666666667,4.086666666666667,4.226666666666667,0.055999999999999994,2.0,115.93,400.0,23659.0,59088.4,2,1,7,0.8660254037844386,0.5000000000000001,0.7485107481711011,0.6631226582407953,13.93939393939394,13.562500000000002,11.689393939393941,18.0,12.689488636363638,1.2363023748423103,13.223089306526807,2.609529576044583,15.04350111693862,4.422041054286518,1
2022-02-27,13.72916666666667,TOMATE DE PASTA GRANDE,TOMATE,2022,2,3.983809523809524,4.215238095238095,4.358095238095238,0.02,0.8,115.93,400.0,23659.0,59088.4,2,1,8,0.8660254037844386,0.5000000000000001,0.8229838658936564,0.5680647467311559,12.200000000000001,13.93939393939394,11.566666666666668,15.205384615384617,12.817140151515153,1.119458317083538,12.498089306526808,1.7602900821606033,13.925822163947165,2.961843047634329,1
2022-03-06,15.2,TOMATE DE PASTA GRANDE,TOMATE,2022,3,4.003333333333334,4.236666666666666,4.38,0.125,4.0,117.73,400.0,23659.0,59088.4,3,1,9,1.0,6.123233995736766e-17,0.8854560256532099,0.4647231720437686,13.72916666666667,12.200000000000001,13.562500000000002,12.410769230769231,13.357765151515153,0.7870975451181019,12.313562062937065,1.4930337935961933,13.44075271950272,2.375661540189227,1
2022-03-13,15.31923076923077,TOMATE DE PASTA GRANDE,TOMATE,2022,3,4.220476190476191,4.416666666666666,4.574285714285714,789.672,74830.2,117.73,400.0,23659.0,59088.4,3,1,10,1.0,6.123233995736766e-17,0.9350162426854148,0.35460488704253557,15.2,13.72916666666667,13.93939393939394,9.41060606060606,13.767140151515154,1.2301936098138784,12.66221590909091,1.8108264907524931,13.300474941724943,2.196875896292737,1
2022-03-20,13.583333333333336,TOMATE DE PASTA GRANDE,TOMATE,2022,3,4.206666666666667,4.306666666666667,4.466666666666667,515.003,42850.8,117.73,400.0,23659.0,59088.4,3,1,11,1.0,6.123233995736766e-17,0.970941817426052,0.23931566428755804,15.31923076923077,15.2,12.200000000000001,11.689393939393941,14.112099358974362,1.4655437502623871,13.400793997669,1.4675747084461703,13.519425990675991,2.2607025866571093,1
2022-03-27,11.407196969696969,TOMATE DE PASTA GRANDE,TOMATE,2022,3,4.375238095238095,4.328095238095238,4.508333333333334,2.106,27.6,117.73,400.0,23659.0,59088.4,3,1,12,1.0,6.123233995736766e-17,0.992708874098054,0.120536680255323,13.583333333333336,15.31923076923077,13.72916666666667,11.566666666666668,14.457932692307693,0.9288922121365324,13.637536421911422,1.2946308530789503,13.151370435120436,1.7715298994272397,1
2022-04-03,13.166666666666671,TOMATE DE PASTA GRANDE,TOMATE,2022,4,4.366666666666667,4.306666666666667,4.488333333333333,10.987,40.0,117.52,400.0,23659.0,59088.4,4,2,13,0.8660254037844387,-0.4999999999999998,1.0,-1.6081226496766366e-16,11.407196969696969,13.583333333333336,15.2,13.562500000000002,13.877440268065268,1.827249749028748,13.61760270979021,1.3317666583523484,12.8348547979798,1.709398646848384,0
2022-04-10,16.128787878787882,TOMATE DE PASTA GRANDE,TOMATE,2022,4,4.172380952380952,4.172380952380953,4.338333333333333,8.922999999999998,52.2,117.52,400.0,23659.0,59088.4,4,2,14,0.8660254037844387,-0.4999999999999998,0.992708874098054,-0.12053668025532288,13.166666666666671,11.407196969696969,15.31923076923077,13.93939393939394,13.369106934731935,1.6061287508349196,13.568123543123544,1.341424537517716,12.897846250971254,1.7062749576570548,0
2022-04-17,15.825757575757578,TOMATE DE PASTA GRANDE,TOMATE,2022,4,4.14,4.15,4.3133333333333335,13.674,93.4,117.52,400.0,23659.0,59088.4,4,2,15,0.8660254037844387,-0.4999999999999998,0.9709418174260521,-0.2393156642875575,16.128787878787882,13.166666666666671,13.583333333333336,12.200000000000001,13.571496212121215,1.948329109559615,13.841797785547788,1.6219881069692126,13.457694735819738,1.5533568426773474,0
2022-04-24,15.522727272727275,TOMATE DE PASTA GRANDE,TOMATE,2022,4,4.14,4.15,4.3133333333333335,16.976,61.4,117.52,400.0,23659.0,59088.4,4,2,16,0.8660254037844387,-0.4999999999999998,0.9350162426854148,-0.35460488704253545,15.825757575757578,16.128787878787882,11.407196969696969,13.72916666666667,14.132102272727277,2.2518434311221696,14.295017482517485,1.6041575298854025,13.802391705516706,1.5839287800751265,0
2022-05-01,21.08939393939394,TOMATE DE PASTA GRANDE,TOMATE,2022,5,4.14,4.15,4.3133333333333335,49.51,109.6,117.52,400.0,23659.0,59088.4,5,2,17,0.49999999999999994,-0.8660254037844387,0.8854560256532099,-0.4647231720437685,15.522727272727275,15.825757575757578,13.166666666666671,15.2,15.160984848484853,1.3523717531576818,14.51921255827506,1.6387375974050722,14.132063422688425,1.4848942694250977,0
2022-05-08,28.416666666666668,TOMATE DE PASTA GRANDE,TOMATE,2022,5,4.14,4.15,4.3133333333333335,80.684,105.8,117.52,400.0,23659.0,59088.4,5,2,18,0.49999999999999994,-0.8660254037844387,0.8229838658936565,-0.5680647467311557,21.08939393939394,15.522727272727275,16.128787878787882,15.31923076923077,17.141666666666666,2.643423005344599,15.255386800699302,2.857731820626837,14.759304584304585,2.4792390444246606,0
2022-05-15,27.843650793650795,TOMATE DE PASTA GRANDE,TOMATE,2022,5,4.14,4.15,4.3133333333333335,8.085,49.6,117.52,400.0,23659.0,59088.4,5,2,19,0.49999999999999994,-0.8660254037844387,0.7485107481711013,-0.663122658240795,28.416666666666668,21.08939393939394,15.825757575757578,13.583333333333336,20.213636363636365,6.036410794509711,16.89256628787879,5.463368615246617,15.965743978243978,4.631887717291107,0
2022-05-22,20.6,TOMATE DE PASTA GRANDE,TOMATE,2022,5,4.14,4.15,4.3133333333333335,46.905,147.6,117.52,400.0,23659.0,59088.4,5,2,20,0.49999999999999994,-0.8660254037844387,0.6631226582407952,-0.7485107481711012,27.843650793650795,28.416666666666668,15.522727272727275,11.407196969696969,23.21810966810967,6.114762640151048,18.67510597041847,6.464125437795818,17.269381544381545,5.580065280175172,0
2022-05-29,26.35,TOMATE DE PASTA GRANDE,TOMATE,2022,5,4.14,4.15,4.3133333333333335,70.585,159.4,117.52,400.0,23659.0,59088.4,5,2,21,0.49999999999999994,-0.8660254037844387,0.5680647467311558,-0.8229838658936564,20.6,27.843650793650795,21.08939393939394,13.166666666666671,24.48742784992785,4.2174984636421735,19.824206349206353,5.76707014085785,17.84195098882599,5.536115166737217,0
2022-06-05,25.166666666666668,TOMATE DE PASTA GRANDE,TOMATE,2022,6,4.14,4.15,4.3133333333333335,39.553,61.8,117.61,400.0,23659.0,59088.4,6,2,22,1.2246467991473532e-16,-1.0,0.46472317204376906,-0.8854560256532096,26.35,20.6,28.416666666666668,16.128787878787882,25.802579365079367,3.576121101525927,21.472123015873017,5.468765850497132,18.771117655492656,5.970998600424643,0
2022-06-12,18.86946386946387,TOMATE DE PASTA GRANDE,TOMATE,2022,6,4.14,4.15,4.3133333333333335,83.364,232.2,117.61,400.0,23659.0,59088.4,6,2,23,1.2246467991473532e-16,-1.0,0.35460488704253584,-0.9350162426854147,25.166666666666668,26.35,27.843650793650795,15.825757575757578,24.990079365079367,3.1249658098406745,22.601857864357864,5.130299563382626,19.591737313612317,6.128084319888354,0
2022-06-19,17.695075757575758,TOMATE DE PASTA GRANDE,TOMATE,2022,6,4.14,4.15,4.3133333333333335,105.101,174.0,117.61,400.0,23659.0,59088.4,6,2,24,1.2246467991473532e-16,-1.0,0.23931566428755768,-0.970941817426052,18.86946386946387,25.166666666666668,20.6,15.522727272727275,22.746532634032636,3.5814936524522345,22.982321151071154,4.645997149343664,20.032248191623193,5.840141298745306,0
2022-06-26,20.47083333333333,TOMATE DE PASTA GRANDE,TOMATE,2022,6,4.14,4.15,4.3133333333333335,86.691,109.4,117.61,400.0,23659.0,59088.4,6,2,25,1.2246467991473532e-16,-1.0,0.12053668025532308,-0.992708874098054,17.695075757575758,18.86946386946387,26.35,21.08939393939394,22.020301573426572,4.369639892098177,23.253864711677213,4.18870185073961,20.556238090613093,5.247993865340048,0
2022-07-03,22.800000000000004,TOMATE DE PASTA GRANDE,TOMATE,2022,7,4.14,4.15,4.3133333333333335,54.334,101.6,117.67,400.0,23659.0,59088.4,7,3,26,-0.4999999999999997,-0.8660254037844388,-3.216245299353273e-16,-1.0,20.47083333333333,17.695075757575758,25.166666666666668,28.416666666666668,20.550509906759906,3.2809892587562364,23.176544635919637,4.239761872298674,21.164918646168648,4.708903169292844,0
2022-07-10,18.35416666666667,TOMATE DE PASTA GRANDE,TOMATE,2022,7,4.14,4.15,4.3133333333333335,39.684,87.6,117.67,400.0,23659.0,59088.4,7,3,27,-0.4999999999999997,-0.8660254037844388,-0.12053668025532283,-0.992708874098054,22.800000000000004,20.47083333333333,18.86946386946387,27.843650793650795,19.95884324009324,2.209501921097154,22.474461302586306,3.6755680619608557,21.72085298960299,4.446792323303587,0
2022-07-17,16.999393939393943,TOMATE DE PASTA GRANDE,TOMATE,2022,7,4.14,4.15,4.3133333333333335,53.93300000000001,1188.8,117.67,400.0,23659.0,59088.4,7,3,28,-0.4999999999999997,-0.8660254037844388,-0.23931566428755743,-0.9709418174260521,18.35416666666667,22.800000000000004,17.695075757575758,20.6,19.83001893939394,2.3070582212234827,21.28827578671329,3.1951066943518045,21.93155374717875,4.1948374199755465,0
2022-07-24,15.462500000000002,TOMATE DE PASTA GRANDE,TOMATE,2022,7,4.14,4.15,4.3133333333333335,48.858000000000004,73.2,117.67,400.0,23659.0,59088.4,7,3,29,-0.4999999999999997,-0.8660254037844388,-0.3546048870425356,-0.9350162426854148,16.999393939393943,18.35416666666667,20.47083333333333,26.35,19.65609848484849,2.5364683526076455,20.83820002913753,3.5408067272721997,22.054609302734306,4.0072060356444545,0
2022-07-31,19.01666666666667,TOMATE DE PASTA GRANDE,TOMATE,2022,7,4.14,4.15,4.3133333333333335,66.57,78.8,117.67,400.0,23659.0,59088.4,7,3,30,-0.4999999999999997,-0.8660254037844388,-0.46472317204376806,-0.8854560256532101,15.462500000000002,16.999393939393943,22.800000000000004,25.166666666666668,18.404015151515154,3.1597805723226973,19.47726252913753,3.1951344888415236,21.58570147445148,4.436629270040976,0
2022-08-07,21.323968253968253,TOMATE DE PASTA GRANDE,TOMATE,2022,8,4.14,4.15,4.3133333333333335,80.179,98.4,117.86,400.0,23659.0,59088.4,8,3,31,-0.8660254037844385,-0.5000000000000004,-0.5680647467311556,-0.8229838658936566,19.01666666666667,15.462500000000002,18.35416666666667,18.86946386946387,17.45818181818182,1.5732022659547145,18.708512529137533,2.2225213295098505,20.802368141118144,3.920748921161138,0
2022-08-14,23.63126984126984,TOMATE DE PASTA GRANDE,TOMATE,2022,8,4.14,4.15,4.3133333333333335,103.039,88.6,117.86,400.0,23659.0,59088.4,8,3,32,-0.8660254037844385,-0.5000000000000004,-0.663122658240795,-0.7485107481711013,21.323968253968253,19.01666666666667,16.999393939393943,17.695075757575758,18.200632215007218,2.5404383913166337,19.015325577200578,2.4094705038892648,20.259061262811265,3.2508070333286563,0
2022-08-21,24.508888888888887,TOMATE DE PASTA GRANDE,TOMATE,2022,8,4.14,4.15,4.3133333333333335,55.839,63.2,117.86,400.0,23659.0,59088.4,8,3,33,-0.8660254037844385,-0.5000000000000004,-0.7485107481711011,-0.6631226582407952,23.63126984126984,21.323968253968253,15.462500000000002,20.47083333333333,19.858601190476193,3.484005778733093,19.75734983766234,2.823319186490832,20.511667082917082,3.3943140305413357,0
2022-08-28,21.306111111111115,TOMATE DE PASTA GRANDE,TOMATE,2022,8,4.14,4.15,4.3133333333333335,91.795,978.8,117.86,400.0,23659.0,59088.4,8,3,34,-0.8660254037844385,-0.5000000000000004,-0.8229838658936564,-0.5680647467311559,24.508888888888887,23.63126984126984,19.01666666666667,22.800000000000004,22.120198412698414,2.466784061457747,20.262106782106784,3.2912817015925935,20.35824115699116,3.1383872791859093,0
2022-09-04,14.675,TOMATE DE PASTA GRANDE,TOMATE,2022,9,4.14,4.15,4.3133333333333335,84.33800000000001,284.6,117.97,400.0,23659.0,59088.4,9,3,35,-1.0,-1.8369701987210297e-16,-0.8854560256532096,-0.4647231720437691,21.306111111111115,24.508888888888887,21.323968253968253,18.35416666666667,22.692559523809525,1.6304918161417217,20.07537067099567,3.166742957828072,20.036528194028197,2.777829968241716,0
2022-09-11,12.6,TOMATE DE PASTA GRANDE,TOMATE,2022,9,4.14,4.15,4.3133333333333335,83.703,88.4,117.97,400.0,23659.0,59088.4,9,3,36,-1.0,-1.8369701987210297e-16,-0.9350162426854147,-0.3546048870425359,14.675,21.306111111111115,23.63126984126984,16.999393939393943,21.03031746031746,4.447153944973838,19.61547483766234,3.678261496688909,19.68698953823954,3.173720942537058,0
2022-09-18,13.515151515151514,TOMATE DE PASTA GRANDE,TOMATE,2022,9,4.14,4.15,4.3133333333333335,89.37,136.2,117.97,400.0,23659.0,59088.4,9,3,37,-1.0,-1.8369701987210297e-16,-0.970941817426052,-0.23931566428755774,12.6,14.675,24.508888888888887,15.462500000000002,18.2725,5.574184701129347,19.065550595238097,4.386031854788082,19.262399891774894,3.75247717724245,0
2022-09-25,12.933333333333334,TOMATE DE PASTA GRANDE,TOMATE,2022,9,4.14,4.130000000000001,4.276190476190476,101.237,128.4,117.97,400.0,23659.0,59088.4,9,3,38,-1.0,-1.8369701987210297e-16,-0.992708874098054,-0.12053668025532357,13.515151515151514,12.6,21.306111111111115,19.01666666666667,15.524065656565657,3.947102655495947,18.822132034632034,4.660040827683052,18.68275974025974,4.072420485075868,0
2022-10-02,16.643030303030304,TOMATE DE PASTA GRANDE,TOMATE,2022,10,4.14,4.140000000000001,4.294761904761905,59.042,101.4,120.26,400.0,23659.0,59088.4,10,4,39,-0.8660254037844386,0.5000000000000001,-1.0,-1.8369701987210297e-16,12.933333333333334,13.515151515151514,14.675,21.323968253968253,13.430871212121211,0.9115646845339003,18.061715367965366,5.099385144666413,17.860537518037518,4.160663613367082,0
2022-10-09,17.85666666666667,TOMATE DE PASTA GRANDE,TOMATE,2022,10,4.14,4.15,4.3133333333333335,83.771,269.2,120.26,400.0,23659.0,59088.4,10,4,40,-0.8660254037844386,0.5000000000000001,-0.992708874098054,0.1205366802553232,16.643030303030304,12.933333333333334,12.6,23.63126984126984,13.922878787878789,1.8524465163973416,17.476598124098125,4.937575719262883,17.717942821067822,4.171515898987243,0
2022-10-16,22.096666666666664,TOMATE DE PASTA GRANDE,TOMATE,2022,10,4.14,4.15,4.3133333333333335,110.181,128.2,120.26,400.0,23659.0,59088.4,10,4,41,-0.8660254037844386,0.5000000000000001,-0.9709418174260521,0.23931566428755738,17.85666666666667,16.643030303030304,13.515151515151514,24.508888888888887,15.237045454545456,2.3882501938382674,16.75477272727273,4.288752579331534,17.78938221500722,4.165427868630966,0
2022-10-23,21.897979797979797,TOMATE DE PASTA GRANDE,TOMATE,2022,10,4.14,4.15,4.3133333333333335,43.091,128.4,120.26,400.0,23659.0,59088.4,10,4,42,-0.8660254037844386,0.5000000000000001,-0.9350162426854148,0.35460488704253557,22.096666666666664,17.85666666666667,12.933333333333334,21.306111111111115,17.382424242424243,3.77668729737434,16.45324494949495,3.7116794853309067,18.342229437229438,4.267523451583932,0
2022-10-30,19.510606060606058,TOMATE DE PASTA GRANDE,TOMATE,2022,10,4.14,4.15,4.3133333333333335,22.781000000000002,1456.4,120.26,400.0,23659.0,59088.4,10,4,43,-0.8660254037844386,0.5000000000000001,-0.8854560256532101,0.464723172043768,21.897979797979797,22.096666666666664,16.643030303030304,14.675,19.62358585858586,2.786557692768065,16.527228535353537,3.8263558051403406,18.582338864838864,4.38826933283819,0
2022-11-06,15.336363636363634,TOMATE DE PASTA GRANDE,TOMATE,2022,11,4.14,4.15,4.3133333333333335,36.47,82.2,122.51,400.0,23659.0,59088.4,11,4,44,-0.5000000000000004,0.8660254037844384,-0.822983865893657,0.5680647467311548,19.510606060606058,21.897979797979797,17.85666666666667,12.6,20.340479797979796,2.0304364603876053,17.13167929292929,3.87360843948325,18.43122534872535,4.315901989947731,1
2022-11-13,15.90787878787879,TOMATE DE PASTA GRANDE,TOMATE,2022,11,4.14,4.15,4.3133333333333335,15.716,92.4,122.51,400.0,23659.0,59088.4,11,4,45,-0.5000000000000004,0.8660254037844384,-0.7485107481711011,0.6631226582407952,15.336363636363634,19.510606060606058,22.096666666666664,13.515151515151514,19.71040404040404,3.1438768903770167,17.473724747474748,3.52105862218402,17.739983164983165,4.064268099943107,1
2022-11-20,14.363636363636363,TOMATE DE PASTA GRANDE,TOMATE,2022,11,4.14,4.15,4.3133333333333335,4.054,27.0,122.51,400.0,23659.0,59088.4,11,4,46,-0.5000000000000004,0.8660254037844384,-0.6631226582407955,0.7485107481711007,15.90787878787879,15.336363636363634,21.897979797979797,12.933333333333334,18.16320707070707,3.1006214875933367,17.772815656565655,3.2260304069133223,17.023232323232325,3.4781756920186213,1
2022-11-27,15.834545454545454,TOMATE DE PASTA GRANDE,TOMATE,2022,11,4.14,4.15,4.3133333333333335,36.101,1402.8,122.51,400.0,23659.0,59088.4,11,4,47,-0.5000000000000004,0.8660254037844384,-0.5680647467311559,0.8229838658936564,14.363636363636363,15.90787878787879,19.510606060606058,16.643030303030304,16.27962121212121,2.246344312801564,17.951603535353534,2.947083273678119,16.44469276094276,3.272317377987487,1
2022-12-04,11.643636363636364,TOMATE DE PASTA GRANDE,TOMATE,2022,12,4.14,4.15,4.3133333333333335,12.138,82.0,119.27,400.0,23659.0,59088.4,12,4,48,-2.4492935982947064e-16,1.0,-0.4647231720437684,0.88545602565321,15.834545454545454,14.363636363636363,15.336363636363634,17.85666666666667,15.360606060606061,0.7114919205334614,17.850542929292928,3.011524620955225,16.541321548821546,3.232183234014314,1
2022-12-11,14.167272727272726,TOMATE DE PASTA GRANDE,TOMATE,2022,12,4.14,4.15,4.3133333333333335,0.131,8.4,119.27,400.0,23659.0,59088.4,12,4,49,-2.4492935982947064e-16,1.0,-0.35460488704253595,0.9350162426854147,11.643636363636364,15.834545454545454,15.90787878787879,22.096666666666664,14.437424242424242,1.9937301400745582,17.07391414141414,3.726074096718788,16.461624579124578,3.347919006010997,1
2022-12-18,14.953030303030303,TOMATE DE PASTA GRANDE,TOMATE,2022,12,4.14,4.001428571428571,4.101904761904762,1.255,18.6,119.27,400.0,23659.0,59088.4,12,4,50,-2.4492935982947064e-16,1.0,-0.2393156642875578,0.970941817426052,14.167272727272726,11.643636363636364,14.363636363636363,21.897979797979797,14.002272727272727,1.7395590936270098,16.0827398989899,3.219283584219595,16.515968013468015,3.3007035995927327,1
2022-12-25,28.64922664141414,TOMATE DE PASTA GRANDE,TOMATE,2022,12,4.14,3.9766666666666666,4.066666666666666,5.291,396.0,119.27,400.0,23659.0,59088.4,12,4,51,-2.4492935982947064e-16,1.0,-0.12053668025532363,0.992708874098054,14.953030303030303,14.167272727272726,15.834545454545454,19.510606060606058,14.149621212121213,1.8041348348434822,15.21462121212121,2.2031372378579515,16.684276094276097,3.1494394665866494,1
2023-01-01,22.239386047979796,TOMATE DE PASTA GRANDE,TOMATE,2023,1,3.9359523809523806,3.7888095238095234,3.85952380952381,0.748,7.2,119.1,388.0,22669.0,58477.6,1,1,52,0.49999999999999994,0.8660254037844387,6.432490598706546e-16,1.0,28.64922664141414,14.953030303030303,11.643636363636364,15.336363636363634,17.35329150883838,7.661816188717646,16.35694878472222,5.148793683673238,17.68479245580808,4.673470610258746,1
2023-01-08,15.829545454545455,TOMATE DE PASTA GRANDE,TOMATE,2023,1,4.011666666666667,3.7816666666666663,3.8483333333333336,0.407,12.6,119.1,388.0,22669.0,58477.6,1,1,1,0.49999999999999994,0.8660254037844387,0.12053668025532305,0.992708874098054,22.239386047979796,28.64922664141414,14.167272727272726,15.90787878787879,20.002228929924243,6.814605932702366,17.219826586174243,5.518482504773466,18.050019070917507,4.85581843373453,1
2023-01-15,18.33100233100233,TOMATE DE PASTA GRANDE,TOMATE,2023,1,4.468095238095238,3.9652380952380955,4.078571428571428,1.184,14.0,119.1,388.0,22669.0,58477.6,1,1,2,0.49999999999999994,0.8660254037844387,0.23931566428755774,0.970941817426052,15.829545454545455,22.239386047979796,14.953030303030303,14.363636363636363,20.417797111742424,6.376789889851736,17.210034919507574,5.521211715790264,17.527758969907406,4.716034334007312,1
2023-01-22,19.26736596736597,TOMATE DE PASTA GRANDE,TOMATE,2023,1,4.493333333333333,3.98,4.1066666666666665,0.037000000000000005,1.2,119.1,388.0,22669.0,58477.6,1,1,3,0.49999999999999994,0.8660254037844387,0.3546048870425356,0.9350162426854148,18.33100233100233,15.829545454545455,28.64922664141414,15.834545454545454,21.26229011873543,5.586552613965908,17.70595566542832,5.405995821875512,17.230510847659286,4.524045561740656,1
2023-01-29,26.139393939393937,TOMATE DE PASTA GRANDE,TOMATE,2023,1,4.633333333333333,4.177142857142857,4.349523809523809,0.025,0.8,119.1,388.0,22669.0,58477.6,1,1,4,0.49999999999999994,0.8660254037844387,0.4647231720437685,0.8854560256532099,19.26736596736597,18.33100233100233,22.239386047979796,11.643636363636364,18.916824950223386,2.6480668470066804,18.135058229530884,5.372367523493232,17.210240839889277,4.513433331448679,1
2023-02-05,20.860606060606063,TOMATE DE PASTA GRANDE,TOMATE,2023,2,4.656666666666666,4.21,4.39,0.008,0.4,120.58,388.0,22669.0,58477.6,2,1,5,0.8660254037844386,0.5000000000000001,0.5680647467311558,0.8229838658936564,26.139393939393937,19.26736596736597,15.829545454545455,14.167272727272726,19.891826923076923,4.410606505738123,19.947027926500585,5.314418238631277,18.110493365141803,5.139639081788891,1
2023-02-12,19.206060606060603,TOMATE DE PASTA GRANDE,TOMATE,2023,2,4.6223809523809525,4.301428571428572,4.51,0.137,4.8,120.58,388.0,22669.0,58477.6,2,1,6,0.8660254037844386,0.5000000000000001,0.6631226582407952,0.7485107481711011,20.860606060606063,26.139393939393937,18.33100233100233,14.953030303030303,21.149592074592075,3.4865866224552686,20.783694593167247,4.773891112243506,18.523220637869077,5.145538862526864,1
2023-02-19,16.890909090909094,TOMATE DE PASTA GRANDE,TOMATE,2023,2,4.616666666666667,4.316666666666666,4.53,0.012,0.4,120.58,388.0,22669.0,58477.6,2,1,7,0.8660254037844386,0.5000000000000001,0.7485107481711011,0.6631226582407953,19.206060606060603,20.860606060606063,19.26736596736597,28.64922664141414,21.368356643356645,3.271609874254973,21.31532338104604,4.238623497064767,18.926755991404427,4.976785305547035,1
2023-02-26,17.160606060606064,TOMATE DE PASTA GRANDE,TOMATE,2023,2,4.3966666666666665,4.302380952380952,4.512857142857143,0.047,1.2,120.58,388.0,22669.0,58477.6,2,1,8,0.8660254037844386,0.5000000000000001,0.8229838658936564,0.5680647467311559,16.890909090909094,19.206060606060603,26.139393939393937,22.239386047979796,20.774242424242424,3.9298762258232323,19.845533687232905,3.257267805014822,19.01478629443473,4.926202911145601,1
2023-03-05,17.360606060606063,TOMATE DE PASTA GRANDE,TOMATE,2023,3,4.359999999999999,4.3,4.510000000000001,1.17,95.0,119.52,388.0,22669.0,58477.6,3,1,9,1.0,6.123233995736766e-17,0.8854560256532099,0.4647231720437686,17.160606060606064,16.890909090909094,20.860606060606063,15.829545454545455,18.529545454545456,1.8664262192639263,19.21068618881119,3.218753337646084,19.474533769182205,4.40567760230886,1
2023-03-12,16.992424242424242,TOMATE DE PASTA GRANDE,TOMATE,2023,3,4.185714285714285,4.217142857142858,4.432857142857143,3.166,20.0,119.52,388.0,22669.0,58477.6,3,1,10,1.0,6.123233995736766e-17,0.9350162426854148,0.35460488704253557,17.360606060606063,17.160606060606064,19.206060606060603,18.33100233100233,17.654545454545456,1.0520957265450868,19.402068764568764,3.028914865419021,19.74064488029332,4.144677151578438,1
2023-03-19,13.828787878787878,TOMATE DE PASTA GRANDE,TOMATE,2023,3,4.156666666666666,4.203333333333334,4.420000000000001,12.282,64.2,119.52,388.0,22669.0,58477.6,3,1,11,1.0,6.123233995736766e-17,0.970941817426052,0.23931566428755804,16.992424242424242,17.360606060606063,16.890909090909094,19.26736596736597,17.101136363636364,0.20564937798741015,19.234746503496503,3.131761401677976,19.910594375242813,3.9685892268133074,1
2023-03-26,17.17878787878788,TOMATE DE PASTA GRANDE,TOMATE,2023,3,4.133809523809524,4.234761904761904,4.451428571428572,0.288,4.8,119.52,388.0,22669.0,58477.6,3,1,12,1.0,6.123233995736766e-17,0.992708874098054,0.120536680255323,13.828787878787878,16.992424242424242,17.160606060606064,26.139393939393937,16.33560606060606,1.6779747237529166,18.554924242424242,3.6680388786832516,18.675557811690624,3.2413184407833744,1
2023-04-02,15.564801864801865,TOMATE DE PASTA GRANDE,TOMATE,2023,4,4.13,4.239999999999999,4.456666666666667,0.47700000000000004,13.6,118.79,388.0,22669.0,58477.6,4,2,13,0.8660254037844387,-0.4999999999999998,1.0,-1.6081226496766366e-16,17.17878787878788,13.828787878787878,17.360606060606063,20.860606060606063,16.340151515151515,1.680976447836725,17.434848484848487,2.0182941026705374,18.253841297591297,3.0596034843406894,0
2023-04-09,16.04471153846154,TOMATE DE PASTA GRANDE,TOMATE,2023,4,4.032857142857143,4.282857142857143,4.473809523809524,2.64,41.0,118.79,388.0,22669.0,58477.6,4,2,14,0.8660254037844387,-0.4999999999999998,0.992708874098054,-0.12053668025532288,15.564801864801865,17.17878787878788,16.992424242424242,19.206060606060603,15.891200466200466,1.552487990086325,16.77287296037296,1.5478161679038942,18.231779331779332,3.0795629894773864,0
2023-04-16,16.524621212121215,TOMATE DE PASTA GRANDE,TOMATE,2023,4,4.016666666666667,4.29,4.476666666666667,6.841,77.6,118.79,388.0,22669.0,58477.6,4,2,15,0.8660254037844387,-0.4999999999999998,0.9709418174260521,-0.2393156642875575,16.04471153846154,15.564801864801865,13.828787878787878,16.890909090909094,15.654272290209791,1.392478471378757,16.37770432692308,1.203013785320896,18.0412550990676,3.142937491029924,0
2023-04-23,14.736363636363638,TOMATE DE PASTA GRANDE,TOMATE,2023,4,3.9852380952380955,4.39,4.656666666666666,22.759,114.0,118.79,388.0,22669.0,58477.6,4,2,16,0.8660254037844387,-0.4999999999999998,0.9350162426854148,-0.35460488704253545,16.524621212121215,16.04471153846154,17.17878787878788,17.160606060606064,16.328230623543124,0.6892564711363777,16.331918342074594,1.1875623149854246,17.812693036130536,3.14539432249819,0
2023-04-30,15.223106060606062,TOMATE DE PASTA GRANDE,TOMATE,2023,4,3.98,4.406666666666666,4.6866666666666665,10.62,62.0,118.79,388.0,22669.0,58477.6,4,2,17,0.8660254037844387,-0.4999999999999998,0.8854560256532099,-0.4647231720437685,14.736363636363638,16.524621212121215,15.564801864801865,17.360606060606063,15.717624562937065,0.7625521325210379,16.02888803904429,1.2533715861882957,16.862440510878013,1.8616379929933424,0
2023-05-07,15.59775641025641,TOMATE DE PASTA GRANDE,TOMATE,2023,5,3.8685714285714288,4.360952380952381,4.720952380952381,10.253,53.6,117.81,388.0,22669.0,58477.6,5,2,18,0.49999999999999994,-0.8660254037844387,0.8229838658936565,-0.5680647467311557,15.223106060606062,14.736363636363638,16.04471153846154,16.992424242424242,15.632200611888114,0.8034222698075761,15.76170053904429,1.152716094276133,16.392648844211344,1.4198686028356104,0
2023-05-14,16.085227272727273,TOMATE DE PASTA GRANDE,TOMATE,2023,5,3.85,4.353333333333333,4.726666666666667,21.201,98.0,117.81,388.0,22669.0,58477.6,5,2,19,0.49999999999999994,-0.8660254037844387,0.7485107481711013,-0.663122658240795,15.59775641025641,15.223106060606062,16.524621212121215,13.828787878787878,15.520461829836831,0.7566463171334058,15.587367060023311,1.0399409534106685,16.091956827894332,1.1203844842580237,0
2023-05-21,13.933333333333334,TOMATE DE PASTA GRANDE,TOMATE,2023,5,3.6900000000000004,4.17047619047619,4.4780952380952375,6.533,41.4,117.81,388.0,22669.0,58477.6,5,2,20,0.49999999999999994,-0.8660254037844387,0.6631226582407952,-0.7485107481711012,16.085227272727273,15.59775641025641,14.736363636363638,17.17878787878788,15.410613344988347,0.5715178998812712,15.869421984265735,0.7643077650928514,16.024816676379178,1.0919333266033597,0
2023-05-28,13.969696969696969,TOMATE DE PASTA GRANDE,TOMATE,2023,5,3.6633333333333336,4.14,4.4366666666666665,38.768,82.8,117.81,388.0,22669.0,58477.6,5,2,21,0.49999999999999994,-0.8660254037844387,0.5680647467311558,-0.8229838658936564,13.933333333333334,16.085227272727273,15.223106060606062,15.564801864801865,15.20985576923077,0.9213083588051647,15.463740166083916,0.8286428522567663,15.755877282439783,1.1805948641096793,0
2023-06-04,18.683333333333334,TOMATE DE PASTA GRANDE,TOMATE,2023,6,3.6176190476190477,4.137142857142857,4.359523809523809,49.629999999999995,147.8,118.68,388.0,22669.0,58477.6,6,2,22,1.2246467991473532e-16,-1.0,0.46472317204376906,-0.8854560256532096,13.969696969696969,13.933333333333334,15.59775641025641,16.04471153846154,14.896503496503495,1.109277086899242,15.264352054195804,0.9790994031395462,15.473301524864025,1.1673179639165243,0
2023-06-11,15.524621212121213,TOMATE DE PASTA GRANDE,TOMATE,2023,6,3.61,4.136666666666667,4.346666666666667,27.869,96.8,118.68,388.0,22669.0,58477.6,6,2,23,1.2246467991473532e-16,-1.0,0.35460488704253584,-0.9350162426854147,18.683333333333334,13.969696969696969,16.085227272727273,16.524621212121215,15.667897727272727,2.247933517222763,15.594179778554778,1.5547453135004083,15.614210615773118,1.438030516659116,0
2023-06-18,13.09090909090909,TOMATE DE PASTA GRANDE,TOMATE,2023,6,3.6014285714285714,4.1709523809523805,4.383809523809523,68.989,87.2,118.68,388.0,22669.0,58477.6,6,2,24,1.2246467991473532e-16,-1.0,0.23931566428755768,-0.970941817426052,15.524621212121213,18.683333333333334,13.933333333333334,14.736363636363638,15.527746212121212,2.230650855322135,15.46917977855478,1.5087718781383326,15.755530060217561,1.3255491871206222,0
2023-06-25,12.49848484848485,TOMATE DE PASTA GRANDE,TOMATE,2023,6,3.6,4.176666666666667,4.39,55.077,183.4,118.68,388.0,22669.0,58477.6,6,2,25,1.2246467991473532e-16,-1.0,0.12053668025532308,-0.992708874098054,13.09090909090909,15.524621212121213,13.969696969696969,15.223106060606062,15.31714015151515,2.4594045885989586,15.26349796037296,1.720276553541056,15.414873494560995,1.4463077273933613,0
2023-07-02,12.450000000000001,TOMATE DE PASTA GRANDE,TOMATE,2023,7,3.625714285714286,4.153809523809524,4.415714285714286,69.562,134.8,118.48,388.0,22669.0,58477.6,7,3,26,-0.4999999999999997,-0.8660254037844388,-3.216245299353273e-16,-1.0,12.49848484848485,13.09090909090909,18.683333333333334,15.59775641025641,14.949337121212121,2.8127158349145414,14.922920308857808,1.9795807945224673,15.159347076534578,1.6708513257547652,0
2023-07-09,13.651515151515152,TOMATE DE PASTA GRANDE,TOMATE,2023,7,3.6300000000000003,4.1499999999999995,4.420000000000001,59.797,82.6,118.48,388.0,22669.0,58477.6,7,3,27,-0.4999999999999997,-0.8660254037844388,-0.12053668025532283,-0.992708874098054,12.450000000000001,12.49848484848485,15.524621212121213,16.085227272727273,13.391003787878788,1.4519479244747127,14.529450757575757,2.1331588127274386,14.859787781662781,1.8138118519619781,0
2023-07-16,14.739015151515153,TOMATE DE PASTA GRANDE,TOMATE,2023,7,3.670000000000001,4.121428571428572,4.420000000000001,36.95399999999999,55.2,118.48,388.0,22669.0,58477.6,7,3,28,-0.4999999999999997,-0.8660254037844388,-0.23931566428755743,-0.9709418174260521,13.651515151515152,12.450000000000001,13.09090909090909,13.933333333333334,12.922727272727274,0.5665302596044038,14.225236742424244,2.0515682736242917,14.620362276612276,1.762988302582313,0
2023-07-23,14.886363636363637,TOMATE DE PASTA GRANDE,TOMATE,2023,7,3.676666666666667,4.116666666666667,4.420000000000001,14.284,51.4,118.48,388.0,22669.0,58477.6,7,3,29,-0.4999999999999997,-0.8660254037844388,-0.3546048870425356,-0.9350162426854148,14.739015151515153,13.651515151515152,12.49848484848485,13.969696969696969,13.334753787878789,1.0884886683004587,14.32594696969697,2.054964265375184,14.620583236208239,1.7630043291042488,0
2023-07-30,14.734848484848484,TOMATE DE PASTA GRANDE,TOMATE,2023,7,3.7652380952380953,4.2195238095238095,4.522857142857143,56.133,110.0,118.48,388.0,22669.0,58477.6,7,3,30,-0.4999999999999997,-0.8660254037844388,-0.46472317204376806,-0.8854560256532101,14.886363636363637,14.739015151515153,12.450000000000001,18.683333333333334,13.931723484848485,1.130940441929525,14.440530303030304,2.0578166300141083,14.59252136752137,1.7552047990927282,0
2023-08-06,16.25,TOMATE DE PASTA GRANDE,TOMATE,2023,8,3.78,4.236666666666666,4.54,66.96600000000001,154.0,119.73,388.0,22669.0,58477.6,8,3,31,-0.8660254037844385,-0.5000000000000004,-0.5680647467311556,-0.8229838658936566,14.734848484848484,14.886363636363637,13.651515151515152,15.524621212121213,14.502935606060607,0.5719705645019665,13.946969696969697,1.1819290553219235,14.520612373737373,1.7277387068566972,0
2023-08-13,22.633333333333333,TOMATE DE PASTA GRANDE,TOMATE,2023,8,4.017142857142857,4.462380952380952,4.751428571428571,26.945999999999998,93.4,119.73,388.0,22669.0,58477.6,8,3,32,-0.8660254037844385,-0.5000000000000004,-0.663122658240795,-0.7485107481711013,16.25,14.734848484848484,14.739015151515153,13.09090909090909,15.152556818181818,0.7350141289279598,14.037642045454545,1.3377959762170195,14.534343434343436,1.7419004957048305,0
2023-08-20,22.695454545454545,TOMATE DE PASTA GRANDE,TOMATE,2023,8,4.056666666666667,4.5,4.786666666666666,60.285,148.8,119.73,388.0,22669.0,58477.6,8,3,33,-0.8660254037844385,-0.5000000000000004,-0.7485107481711011,-0.6631226582407952,22.633333333333333,16.25,14.886363636363637,12.49848484848485,17.126136363636363,3.7341519777944163,15.230445075757576,3.254343457911713,15.259343434343435,2.8967272277007003,0
2023-08-27,19.154545454545453,TOMATE DE PASTA GRANDE,TOMATE,2023,8,4.290952380952381,4.668571428571428,4.926666666666667,70.525,123.2,119.73,388.0,22669.0,58477.6,8,3,34,-0.8660254037844385,-0.5000000000000004,-0.8229838658936564,-0.5680647467311559,22.695454545454545,22.633333333333333,14.734848484848484,12.450000000000001,19.07840909090909,4.186761712576206,16.50506628787879,3.9533122680051473,15.9864898989899,3.5622895042012894,0
2023-09-03,26.38958333333333,TOMATE DE PASTA GRANDE,TOMATE,2023,9,4.329999999999999,4.696666666666666,4.95,71.575,532.4,120.39,388.0,22669.0,58477.6,9,3,35,-1.0,-1.8369701987210297e-16,-0.8854560256532096,-0.4647231720437691,19.154545454545453,22.695454545454545,16.25,13.651515151515152,20.183333333333334,3.1006864076115566,17.34313446969697,3.6714741347510427,16.025757575757577,3.5971463401579578,0
2023-09-10,27.330303030303032,TOMATE DE PASTA GRANDE,TOMATE,2023,9,4.432857142857143,4.69952380952381,4.907142857142857,59.03,57.2,120.39,388.0,22669.0,58477.6,9,3,36,-1.0,-1.8369701987210297e-16,-0.9350162426854147,-0.3546048870425359,26.38958333333333,19.154545454545453,22.633333333333333,14.739015151515153,22.718229166666667,2.9544547722057133,18.93539299242424,4.508498997630632,16.931171085858583,4.667630729578695,0
2023-09-17,27.965,TOMATE DE PASTA GRANDE,TOMATE,2023,9,4.45,4.7,4.8999999999999995,102.444,104.2,120.39,388.0,22669.0,58477.6,9,3,37,-1.0,-1.8369701987210297e-16,-0.970941817426052,-0.23931566428755774,27.330303030303032,26.38958333333333,22.695454545454545,14.886363636363637,23.892471590909093,3.7387629835095972,20.509303977272726,5.004759216928942,18.117787247474748,5.361073340062251,0
2023-09-24,27.071022727272727,TOMATE DE PASTA GRANDE,TOMATE,2023,9,4.5528571428571425,4.662857142857143,4.845714285714286,95.62,85.0,120.39,388.0,22669.0,58477.6,9,3,38,-1.0,-1.8369701987210297e-16,-0.992708874098054,-0.12053668025532357,27.965,27.330303030303032,19.154545454545453,14.734848484848484,25.209857954545456,4.0884249800279004,22.144133522727273,5.041568742541581,19.40666351010101,5.733544011347557,0
2023-10-01,28.853846153846156,TOMATE DE PASTA GRANDE,TOMATE,2023,10,4.569999999999999,4.656666666666666,4.836666666666667,62.363,92.2,120.62,388.0,22669.0,58477.6,10,4,39,-0.8660254037844386,0.5000000000000001,-1.0,-1.8369701987210297e-16,27.071022727272727,27.965,26.38958333333333,16.25,27.18897727272727,0.6519530116328085,23.6861553030303,4.2807874908763965,20.62508207070707,5.674035807412378,0
2023-10-08,26.190909090909088,TOMATE DE PASTA GRANDE,TOMATE,2023,10,4.644285714285714,4.596666666666667,4.776666666666666,82.18100000000001,95.4,120.62,388.0,22669.0,58477.6,10,4,40,-0.8660254037844386,0.5000000000000001,-0.992708874098054,0.1205366802553232,28.853846153846156,27.071022727272727,27.330303030303032,22.633333333333333,27.80504297785548,0.7936703969468036,25.261636072261073,3.376970252405029,21.891942987567987,5.6726151540797884,0
2023-10-15,25.09752380952381,TOMATE DE PASTA GRANDE,TOMATE,2023,10,4.656666666666666,4.586666666666667,4.766666666666667,56.468,96.8,120.62,388.0,22669.0,58477.6,10,4,41,-0.8660254037844386,0.5000000000000001,-0.9709418174260521,0.23931566428755738,26.190909090909088,28.853846153846156,27.965,22.695454545454545,27.52019449300699,1.1467684519079029,25.70633304195804,3.2116089980895923,22.84626748251748,5.31166896883406,0
2023-10-22,18.831818181818182,TOMATE DE PASTA GRANDE,TOMATE,2023,10,4.5338095238095235,4.320952380952381,4.535238095238095,31.659,957.0,120.62,388.0,22669.0,58477.6,10,4,42,-0.8660254037844386,0.5000000000000001,-0.9350162426854148,0.35460488704253557,25.09752380952381,26.190909090909088,27.071022727272727,19.154545454545453,26.803325445387944,1.5875673237896974,26.006591699966698,2.994877621238995,23.697197496947496,4.703685235251947,0
2023-10-29,18.5030303030303,TOMATE DE PASTA GRANDE,TOMATE,2023,10,4.513333333333333,4.276666666666666,4.496666666666667,70.754,84.4,120.62,388.0,22669.0,58477.6,10,4,43,-0.8660254037844386,0.5000000000000001,-0.8854560256532101,0.464723172043768,18.831818181818182,25.09752380952381,28.853846153846156,26.38958333333333,24.74352430902431,4.245124786373644,25.96625079087579,3.1006649503234573,24.03861163836164,4.104550195592517,0
2023-11-05,23.76388888888889,TOMATE DE PASTA GRANDE,TOMATE,2023,11,4.3933333333333335,4.036666666666667,4.225238095238095,71.204,170.0,122.34,388.0,22669.0,58477.6,11,4,44,-0.5000000000000004,0.8660254037844384,-0.822983865893657,0.5680647467311548,18.5030303030303,18.831818181818182,26.190909090909088,27.330303030303032,22.155820346320347,4.054932220235168,24.980431662087913,4.0540032544629065,24.226364163614164,3.7523063541277972,1
2023-11-12,23.507575757575758,TOMATE DE PASTA GRANDE,TOMATE,2023,11,4.373333333333334,3.9966666666666666,4.18,35.12,83.4,122.34,388.0,22669.0,58477.6,11,4,45,-0.5000000000000004,0.8660254037844384,-0.7485107481711011,0.6631226582407952,23.76388888888889,18.5030303030303,25.09752380952381,27.965,21.549065295815296,3.3743524034369496,24.534629894411143,3.9535294151234854,24.320577126577124,3.722748934131265,1
2023-11-19,27.636363636363637,TOMATE DE PASTA GRANDE,TOMATE,2023,11,4.259047619047618,3.888095238095238,4.005714285714285,12.363999999999999,51.2,122.34,388.0,22669.0,58477.6,11,4,46,-0.5000000000000004,0.8660254037844384,-0.6631226582407955,0.7485107481711007,23.507575757575758,23.76388888888889,18.831818181818182,27.071022727272727,21.151578282828282,2.873498688073684,23.97745186410811,3.7074555412569983,24.388253894253893,3.6978180541313286,1
2023-11-26,24.584848484848486,TOMATE DE PASTA GRANDE,TOMATE,2023,11,4.239999999999999,3.8699999999999997,3.9766666666666666,4.182,33.6,122.34,388.0,22669.0,58477.6,11,4,47,-0.5000000000000004,0.8660254037844384,-0.5680647467311559,0.8229838658936564,27.636363636363637,23.507575757575758,18.5030303030303,28.853846153846156,23.352714646464644,3.7444239931299865,24.04811947774448,3.779533030709578,25.095072076072075,3.4055549745991023,1
2023-12-03,32.432291666666664,TOMATE DE PASTA GRANDE,TOMATE,2023,12,4.054285714285714,3.7785714285714285,3.890952380952381,0.576,6.8,114.17,388.0,22669.0,58477.6,12,4,48,-2.4492935982947064e-16,1.0,-0.4647231720437684,0.88545602565321,24.584848484848486,27.636363636363637,23.76388888888889,26.190909090909088,24.873169191919196,1.8985714442309183,23.51449476911977,3.2712845012320293,24.944677505365007,3.3829653201440486,1
2023-12-10,29.0,TOMATE DE PASTA GRANDE,TOMATE,2023,12,4.023333333333333,3.763333333333333,3.8766666666666674,0.227,11.8,114.17,388.0,22669.0,58477.6,12,4,49,-2.4492935982947064e-16,1.0,-0.35460488704253595,0.9350162426854147,32.432291666666664,24.584848484848486,23.507575757575758,25.09752380952381,27.040269886363635,3.997426201305125,24.294667591089468,4.510363730072949,25.369843225061974,3.978270112214087,1
2023-12-17,29.03888888888889,TOMATE DE PASTA GRANDE,TOMATE,2023,12,3.8376190476190475,3.723333333333333,3.8423809523809522,0.032,1.2,114.17,388.0,22669.0,58477.6,12,4,50,-2.4492935982947064e-16,1.0,-0.2393156642875578,0.970941817426052,29.0,32.432291666666664,27.636363636363637,18.831818181818182,28.413375946969698,3.253571473558998,24.78247711489899,4.810636678409535,25.456093225061974,4.05021766774461,1
2023-12-24,32.17916666666666,TOMATE DE PASTA GRANDE,TOMATE,2023,12,3.778809523809524,3.705238095238095,3.8245238095238094,0.082,5.0,114.17,388.0,22669.0,58477.6,12,4,51,-2.4492935982947064e-16,1.0,-0.12053668025532363,0.992708874098054,29.03888888888889,29.0,24.584848484848486,18.5030303030303,28.76400726010101,3.2172934297507942,26.05836095328283,4.3372018573718165,25.620082071863322,4.159901813595867,1
2023-12-31,32.23888888888888,TOMATE DE PASTA GRANDE,TOMATE,2023,12,3.5688095238095237,3.6238095238095234,3.730238095238095,25.959000000000003,2240.8,114.17,388.0,22669.0,58477.6,12,4,52,-2.4492935982947064e-16,1.0,6.432490598706546e-16,1.0,32.17916666666666,29.03888888888889,32.432291666666664,23.76388888888889,30.662586805555552,1.9002157404851898,27.767877998737372,3.559311586285764,25.897192114598365,4.492372272285434,1
2024-01-07,32.29861111111111,TOMATE DE PASTA GRANDE,TOMATE,2024,1,3.5823809523809524,3.6309523809523805,3.735238095238095,0.14200000000000002,6.0,114.66,418.0,21295.43,50894.8,1,1,1,0.49999999999999994,0.8660254037844387,0.12053668025532305,0.992708874098054,32.23888888888888,32.17916666666666,29.0,23.507575757575758,30.614236111111108,1.841736624767566,28.82725299873737,3.4570982721051053,26.40119043109668,4.853098088655844,1
2024-01-14,24.2092803030303,TOMATE DE PASTA GRANDE,TOMATE,2024,1,3.7409523809523813,3.723809523809524,3.8809523809523805,0.027,1.2,114.66,418.0,21295.43,50894.8,1,1,2,0.49999999999999994,0.8660254037844387,0.23931566428755774,0.970941817426052,32.29861111111111,32.23888888888888,29.03888888888889,27.636363636363637,31.438888888888883,1.6007428991621508,29.926132417929292,2.8723254046594944,27.001281039562286,5.1153680290216075,1
2024-01-21,30.369230769230768,TOMATE DE PASTA GRANDE,TOMATE,2024,1,3.7466666666666666,3.73,3.896666666666666,0.026000000000000002,1.0,114.66,418.0,21295.43,50894.8,1,1,3,0.49999999999999994,0.8660254037844387,0.3546048870425356,0.9350162426854148,24.2092803030303,32.29861111111111,32.17916666666666,24.584848484848486,30.231486742424238,4.015100414652359,29.497747001262624,3.458385608522675,27.449402882996626,4.537543160683077,1
2024-01-28,22.493406593406593,TOMATE DE PASTA GRANDE,TOMATE,2024,1,3.818095238095238,3.7871428571428574,4.013809523809523,0.152,3.8,114.66,418.0,21295.43,50894.8,1,1,4,0.49999999999999994,0.8660254037844387,0.4647231720437685,0.8854560256532099,30.369230769230768,24.2092803030303,32.23888888888888,32.432291666666664,29.779002768065265,3.819670289463991,30.220794786810412,2.8325542346193617,28.438252921846672,3.6085277410768395,1
2024-02-04,15.645833333333332,TOMATE DE PASTA GRANDE,TOMATE,2024,2,3.8300000000000005,3.796666666666667,4.033333333333332,0.749,10.4,116.87,418.0,21295.43,50894.8,2,1,5,0.8660254037844386,0.5000000000000001,0.5680647467311558,0.8229838658936564,22.493406593406593,30.369230769230768,32.29861111111111,29.0,27.342632194194692,4.727751719388143,28.9784341526529,3.7538109154741335,28.332379397223146,3.773028749100116,1
2024-02-11,17.23333333333333,TOMATE DE PASTA GRANDE,TOMATE,2024,2,3.9328571428571424,3.8680952380952385,4.116190476190476,1.8419999999999999,50.4,116.87,418.0,21295.43,50894.8,2,1,6,0.8660254037844386,0.5000000000000001,0.6631226582407952,0.7485107481711011,15.645833333333332,22.493406593406593,24.2092803030303,29.03888888888889,23.179437749750246,6.054737362816222,27.309163319319566,6.024992392708171,27.677234195202942,5.12668902011086,1
2024-02-18,18.348484848484848,TOMATE DE PASTA GRANDE,TOMATE,2024,2,3.9499999999999997,3.8800000000000003,4.13,0.011,0.6,116.87,418.0,21295.43,50894.8,2,1,7,0.8660254037844386,0.5000000000000001,0.7485107481711011,0.6631226582407953,17.23333333333333,15.645833333333332,30.369230769230768,32.17916666666666,21.435451007326005,6.635991677044927,25.83346887487512,6.920081955944321,26.81031500328375,5.948010756733138,1
2024-02-25,21.18799533799534,TOMATE DE PASTA GRANDE,TOMATE,2024,2,4.075714285714286,3.9971428571428573,4.224285714285714,0.009000000000000001,0.6,116.87,418.0,21295.43,50894.8,2,1,8,0.8660254037844386,0.5000000000000001,0.8229838658936564,0.5680647467311559,18.348484848484848,17.23333333333333,22.493406593406593,32.23888888888888,18.430264527139524,2.9269729939682207,24.104633647602395,6.835400243323614,26.29061803358678,6.4143022056862415,1
2024-03-03,18.57878787878788,TOMATE DE PASTA GRANDE,TOMATE,2024,3,4.096666666666667,4.016666666666667,4.239999999999999,0.05,2.0,114.99,418.0,21295.43,50894.8,3,1,9,1.0,6.123233995736766e-17,0.8854560256532099,0.4647231720437686,21.18799533799534,18.348484848484848,15.645833333333332,32.29861111111111,18.103911713286713,2.336053927766063,22.723271953740703,6.025354347250611,25.353593339530843,6.254862985750537,1
2024-03-10,19.92167832167832,TOMATE DE PASTA GRANDE,TOMATE,2024,3,4.088095238095238,4.085238095238095,4.325714285714286,0.006,0.2,114.99,418.0,21295.43,50894.8,3,1,10,1.0,6.123233995736766e-17,0.9350162426854148,0.35460488704253557,18.57878787878788,21.18799533799534,17.23333333333333,24.2092803030303,18.83715034965035,1.6737429431700817,21.0082940497003,4.722207408278688,24.485158996096498,6.423734326462909,1
2024-03-17,16.546153846153846,TOMATE DE PASTA GRANDE,TOMATE,2024,3,4.086666666666667,4.096666666666667,4.34,0.81,39.6,114.99,418.0,21295.43,50894.8,3,1,11,1.0,6.123233995736766e-17,0.970941817426052,0.23931566428755804,19.92167832167832,18.57878787878788,18.348484848484848,30.369230769230768,19.5092365967366,1.3167407395570914,20.4723438020313,4.547074083567841,23.725391448828947,6.375164374960795,1
2024-03-24,12.21439393939394,TOMATE DE PASTA GRANDE,TOMATE,2024,3,3.9895238095238095,4.173809523809523,4.474285714285714,0.595,27.2,114.99,418.0,21295.43,50894.8,3,1,12,1.0,6.123233995736766e-17,0.992708874098054,0.120536680255323,16.546153846153846,19.92167832167832,21.18799533799534,22.493406593406593,19.05865384615385,1.985097313388673,18.744459186646687,2.339508282451918,22.42264038045288,6.081111903812106,1
2024-03-31,10.855365467865468,TOMATE DE PASTA GRANDE,TOMATE,2024,3,3.973333333333333,4.1866666666666665,4.496666666666667,0.131,10.4,114.99,418.0,21295.43,50894.8,3,1,13,1.0,6.123233995736766e-17,1.0,-1.6081226496766366e-16,12.21439393939394,16.546153846153846,18.57878787878788,15.645833333333332,16.815253496503495,3.366514121858943,17.459582604895104,2.7695532351854943,20.753932467994968,5.886916690350205,1
2024-04-07,9.496336996336996,TOMATE DE PASTA GRANDE,TOMATE,2024,4,3.967619047619048,4.2838095238095235,4.59952380952381,12.257000000000001,67.8,117.56,418.0,21295.43,50894.8,4,2,14,0.8660254037844387,-0.4999999999999998,0.992708874098054,-0.12053668025532288,10.855365467865468,12.21439393939394,19.92167832167832,17.23333333333333,14.884397893772894,4.143173114093685,16.86077412171162,3.608529590416298,18.96699533105783,5.2880479386598385,0
2024-04-14,11.94825174825175,TOMATE DE PASTA GRANDE,TOMATE,2024,4,3.9666666666666663,4.3,4.616666666666667,6.317,37.6,117.56,418.0,21295.43,50894.8,4,2,15,0.8660254037844387,-0.4999999999999998,0.9709418174260521,-0.2393156642875575,9.496336996336996,10.855365467865468,16.546153846153846,18.348484848484848,12.278062562437562,3.054107673702075,15.89364957958708,4.436277322935867,17.74091672216672,5.655010276662101,0
2024-04-21,11.354747474747475,TOMATE DE PASTA GRANDE,TOMATE,2024,4,3.986666666666667,4.354285714285714,4.679523809523809,32.095,74.2,117.56,418.0,21295.43,50894.8,4,2,16,0.8660254037844387,-0.4999999999999998,0.9350162426854148,-0.35460488704253545,11.94825174825175,9.496336996336996,12.21439393939394,21.18799533799534,11.128587037962038,1.2368935671328183,15.093620442057942,4.506875228626994,16.205835137085135,4.238068810578272,0
2024-04-28,11.966666666666669,TOMATE DE PASTA GRANDE,TOMATE,2024,4,3.9899999999999998,4.363333333333333,4.69,21.742,119.4,117.56,418.0,21295.43,50894.8,4,2,17,0.8660254037844387,-0.4999999999999998,0.8854560256532099,-0.4647231720437685,11.354747474747475,11.94825174825175,10.855365467865468,18.57878787878788,10.913675421800422,1.045170001190986,13.86446445915196,3.9085006357174463,15.277613543863545,3.9454675083168214,0
2024-05-05,14.791666666666668,TOMATE DE PASTA GRANDE,TOMATE,2024,5,3.9442857142857135,4.34047619047619,4.678571428571429,9.120000000000001,41.4,117.76,418.0,21295.43,50894.8,5,2,18,0.49999999999999994,-0.8660254037844387,0.8229838658936565,-0.5680647467311557,11.966666666666669,11.354747474747475,9.496336996336996,19.92167832167832,11.191500721500722,1.1653016657489033,13.037949307636808,3.4402328269752567,14.971016321641322,4.0556651016167375,0
2024-05-12,15.849621212121214,TOMATE DE PASTA GRANDE,TOMATE,2024,5,3.936666666666666,4.336666666666667,4.676666666666667,3.342,30.0,117.76,418.0,21295.43,50894.8,5,2,19,0.49999999999999994,-0.8660254037844387,0.7485107481711013,-0.663122658240795,14.791666666666668,11.966666666666669,11.94825174825175,16.546153846153846,12.51533313908314,1.543941883064757,12.39669785076035,2.2439310313956833,14.7675440994191,3.9926055547718646,0
2024-05-19,23.457758907758908,TOMATE DE PASTA GRANDE,TOMATE,2024,5,3.8195238095238095,4.256666666666667,4.562380952380953,19.638,90.0,117.76,418.0,21295.43,50894.8,5,2,20,0.49999999999999994,-0.8660254037844387,0.6631226582407952,-0.7485107481711012,15.849621212121214,14.791666666666668,11.354747474747475,12.21439393939394,13.490675505050506,2.1711743628443725,12.309631271506273,2.0664197915222493,14.559305463055464,3.8515319803159977,0
2024-05-26,21.637412587412587,TOMATE DE PASTA GRANDE,TOMATE,2024,5,3.8000000000000003,4.243333333333333,4.543333333333334,25.341,114.0,117.76,418.0,21295.43,50894.8,5,2,21,0.49999999999999994,-0.8660254037844387,0.5680647467311558,-0.8229838658936564,23.457758907758908,15.849621212121214,11.966666666666669,10.855365467865468,16.516428363303366,4.909237412288102,13.715051892551894,4.445875423224701,14.748452427202428,4.242543297151301,0
2024-06-02,19.809981684981686,TOMATE DE PASTA GRANDE,TOMATE,2024,6,3.7399999999999998,4.16047619047619,4.426190476190476,59.824,72.6,116.08,418.0,21295.43,50894.8,6,2,22,1.2246467991473532e-16,-1.0,0.46472317204376906,-0.8854560256532096,21.637412587412587,23.457758907758908,14.791666666666668,9.496336996336996,18.934114843489844,4.260092024519133,15.062807782495284,5.048551177923012,15.00333781958782,4.572622219336923,0
2024-06-09,21.90340909090909,TOMATE DE PASTA GRANDE,TOMATE,2024,6,3.73,4.1466666666666665,4.406666666666666,81.517,142.2,116.08,418.0,21295.43,50894.8,6,2,23,1.2246467991473532e-16,-1.0,0.35460488704253584,-0.9350162426854147,19.809981684981686,21.637412587412587,15.849621212121214,11.94825174825175,20.1886935980686,3.253538924141537,16.35201336857587,4.730882395412963,14.994029766529769,4.561801137952926,0
2024-06-16,24.859848484848488,TOMATE DE PASTA GRANDE,TOMATE,2024,6,3.6757142857142857,4.043809523809523,4.280952380952381,213.586,385.6,116.08,418.0,21295.43,50894.8,6,2,24,1.2246467991473532e-16,-1.0,0.23931566428755768,-0.970941817426052,21.90340909090909,19.809981684981686,23.457758907758908,11.354747474747475,21.702140567765568,1.4952323925584756,17.596408036408036,4.716316223150449,15.440467703592702,4.971272723031603,0
2024-06-23,30.411458333333332,TOMATE DE PASTA GRANDE,TOMATE,2024,6,3.6666666666666665,4.026666666666666,4.260000000000001,237.173,312.4,116.08,418.0,21295.43,50894.8,6,2,25,1.2246467991473532e-16,-1.0,0.12053668025532308,-0.992708874098054,24.859848484848488,21.90340909090909,21.637412587412587,11.966666666666669,22.052662962037964,2.090025475252218,19.284545662670663,4.577994608320606,16.494255582380585,5.533703617608075,0
2024-06-30,32.1407196969697,TOMATE DE PASTA GRANDE,TOMATE,2024,6,3.683809523809523,3.9666666666666672,4.217142857142857,120.485,117.2,116.08,418.0,21295.43,50894.8,6,2,26,1.2246467991473532e-16,-1.0,-3.216245299353273e-16,-1.0,30.411458333333332,24.859848484848488,19.809981684981686,14.791666666666668,24.24617439851815,4.6027411021149325,21.590144621003997,4.991947552433715,18.123929987836238,6.514752626830896,0
